Workbook

Sheet Resumen
A1: Balance de cartografía · Contrato 149-2024 (Consorcio Aero-Bat Antioquia) · cortes dic-2024, dic-2025 y jun-2026
A2: Fuente: informes de avance N°8, N°20 y N°26 de Valor+ (Contrato 24MA176H1682). Hectáreas equivalentes = área × % de productos entregados. Azul = dato transcrito del informe; negro = fórmula. Datos al 5-oct-2026: el más reciente tiene ~3 meses de antigüedad.
A3: Nota metodológica: se conserva el cálculo original de 2025 como rango matemático. No se retrotrae automáticamente el estado de vuelo incompleto de jun-26 a dic-25.
A4: SUPUESTOS (editables)
A5: Peso de cada producto en el % de avance (contrato: Ortofoto 45%, MDT 45%, GDB 10%; Tabla 26 informe dic-2025 p.64)
A6: Ortofoto | C6: 0.45 | D6: Pesos contractuales
A7: MDT (modelo digital del terreno) | C7: 0.45 | D7: Ídem
A8: Vectorial (GDB) · corte 2024 | C8: 0 | D8: Criterio del libro ejemplo: la interventoría no sumó GDB urbanas en dic-2024
A9: Vectorial (GDB) · cortes 2025 y 2026 | C9: 0.1 | D9: Los informes 2025-26 sí cuentan GDB (ver contraste #1)
A11: CARTOGRAFÍA RURAL | B11: Fuente / nota | C11: Dic-2024 | D11: Dic-2025 | E11: Jun-2026
A12: Municipios en el alcance vigente | B12: 57 rurales originales + 8 de Fase II desde may-2025 | C12: =COUNTA(Rural_2024!B5:B61) -> 57 | D12: =COUNTA(Rural_2025!B5:B69) -> 65 | E12: =COUNTA(Rural_2026!B5:B69) -> 65
A13: Municipios con entregas verificadas por municipio | B13: Con evidencia municipal de ≥1 producto entregado | C13: =COUNTIF(Rural_2024!T5:T61,"Con entregas") -> 15 | D13: =COUNTIF(Rural_2025!V5:V69,"Con entregas verificadas") -> 15 | E13: =COUNTIF(Rural_2026!V5:V69,"Con entregas verificadas") -> 30
A14: Municipios sin evidencia municipal de entregas | B14: El informe no dice por municipio si entregó (amarillo en hojas) | C14: 0 | D14: =COUNTIF(Rural_2025!V5:V69,"Sin evidencia municipal") -> 50 | E14: =COUNTIF(Rural_2026!V5:V69,"Sin evidencia municipal") -> 25
A15: Área base de cálculo (ha) | B15: Área contrato; en 2024 área de la interventoría donde la reporta | C15: =Rural_2024!H62 -> 3489900 | D15: =Rural_2025!H70 -> 4393721.1 | E15: =Rural_2026!H70 -> 4393721.1
A16: HA EQUIVALENTES PONDERADAS · mínimo/inferencia | B16: Cálculo ponderado; 2025-26: rango por falta de desagregación municipal | C16: =Rural_2024!O62 -> 545704.07 | D16: =Rural_2025!O70 -> 1766327.7 | E16: =Rural_2026!O70 -> 2601829.9
A17: HA EQUIVALENTES PONDERADAS · máximo/inferencia | B17: Escenario matemático, no avance territorial acreditado | C17: =Rural_2024!O62 -> 545704.07 | D17: =Rural_2025!P70 -> 3663421.2 | E17: =Rural_2026!P70 -> 2832207.3
A18: % de avance en hectáreas · mínimo | B18: Ha eq. mínimo / área base | C18: =Rural_2024!N62 -> 0.15636668 | D18: =Rural_2025!M70 -> 0.4020118 | E18: =Rural_2026!M70 -> 0.59217002
A19: % de avance en hectáreas · máximo | B19: Ha eq. máximo / área base | C19: =Rural_2024!N62 -> 0.15636668 | D19: =Rural_2025!N70 -> 0.83378555 | E19: =Rural_2026!N70 -> 0.64460334
A20: % de avance que reporta el informe | B20: 2024: ponderado por hectárea (importancia); 2025-26: conteo simple de productos | C20: 0.1564 | D20: 0.631 | E20: 0.815
A21: Productos entregados (ortofoto+MDT+GDB) · reportado | B21: Tabla resumen del informe | C21: 25 | D21: 123 | E21: 159
A22: Productos contratados en el sector | B22: Rural 2024: 57×3; 2025-26: 65×3 = 195 (Tabla 30/29) | C22: =57*3 -> 171 | D22: 195 | E22: 195
A23: % por conteo simple = entregados / contratados | B23: Reproduce el % del informe en 2025-26 → cambió la metodología | C23: =C21/C22 -> 0.14619883 | D23: =D21/D22 -> 0.63076923 | E23: =E21/E22 -> 0.81538462
A24: Diferencia: % por conteo − % en hectáreas máximo | B24: Cuánto "infla" el conteo frente a las hectáreas | C24: =C23-C19 -> -0.010167848 | D24: =D23-D19 -> -0.20301632 | E24: =E23-E19 -> 0.17078128
A25: Ortofotos entregadas (reportado) | B25: Tabla resumen del informe | C25: 12 | D25: 49 | E25: 54
A26: MDT entregados (reportado) | B26: Tabla resumen del informe | C26: 13 | D26: 47 | E26: 54
A27: GDB entregadas (reportado) | B27: Tabla resumen del informe | C27: 0 | D27: 27 | E27: 51
A28: Ortofotos aprobadas por interventoría | B28: Tabla resumen / texto del informe | C28: 10 | D28: 44 | E28: 52
A29: MDT aprobados por interventoría | B29: Tabla resumen / texto del informe | C29: 9 | D29: 44 | E29: 52
A30: GDB aprobadas por interventoría | B30: Tabla resumen / texto del informe | C30: 0 | D30: 17 | E30: 44
A31: Ortofotos con marca municipal evidenciada | B31: Suma de marcas en las hojas; si < reportado, la diferencia no está desagregada | C31: =Rural_2024!I62 -> 12 | D31: =Rural_2025!I70 -> 14 | E31: =Rural_2026!I70 -> 27
A32: MDT con marca municipal evidenciada | B32: Suma de marcas en las hojas; si < reportado, la diferencia no está desagregada | C32: =Rural_2024!J62 -> 13 | D32: =Rural_2025!J70 -> 14 | E32: =Rural_2026!J70 -> 26
A33: GDB con marca municipal evidenciada | B33: Suma de marcas en las hojas; si < reportado, la diferencia no está desagregada | C33: =Rural_2024!K62 -> 0 | D33: =Rural_2025!K70 -> 11 | E33: =Rural_2026!K70 -> 25
A34: Ha equivalentes CONFORMES (aprobadas por interventoría, solo 2024) | B34: Tabla 25 col. "% conforme" | C34: =Rural_2024!R62 -> 494844.21
A35: Ha equivalentes OFICIALES ante el IGAC | B35: Productos con estado "Oficial" (Tabla 40 p.80); dic-2025: solo 4 productos conformes, sin detalle municipal | C35: 0 | D35: =Rural_2025!U70 -> 0 | E35: =Rural_2026!U70 -> 339479.9
A36: % oficial IGAC sobre el área base | B36: Hectáreas equivalentes oficiales / área base | C36: 0 | D36: =D35/Rural_2025!H70 -> 0 | E36: =E35/Rural_2026!H70 -> 0.077264781
A37: Productos rurales radicados/en poder del IGAC (reportado) | B37: Dic-25: Tabla 31 (35, pero filas suman 36); jun-26: Tabla 39 p.79 (78 = 49 devueltos + 11 en revisión + 18 oficiales) | C37: 0 | D37: 35 | E37: 78
A39: CARTOGRAFÍA URBANA | B39: Fuente / nota | C39: Dic-2024 | D39: Dic-2025 | E39: Jun-2026
A40: Municipios en el alcance vigente | B40: 49 municipios | C40: =COUNTA(Urbano_2024!B5:B53) -> 49 | D40: =COUNTA(Urbano_2025!B5:B53) -> 49 | E40: =COUNTA(Urbano_2026!B5:B53) -> 49
A41: Municipios con entregas verificadas por municipio | B41: Con evidencia municipal de ≥1 producto entregado | C41: =COUNTIF(Urbano_2024!T5:T53,"Con entregas") -> 20 | D41: =COUNTIF(Urbano_2025!V5:V53,"Con entregas verificadas") -> 49 | E41: =COUNTIF(Urbano_2026!V5:V53,"Con entregas verificadas") -> 49
A42: Municipios sin evidencia municipal de entregas | B42: El informe no dice por municipio si entregó (amarillo en hojas) | C42: 0 | D42: =COUNTIF(Urbano_2025!V5:V53,"Sin evidencia municipal") -> 0 | E42: =COUNTIF(Urbano_2026!V5:V53,"Sin evidencia municipal") -> 0
A43: Área base de cálculo (ha) | B43: Dic-24: 8.781,19 ha según interventoría (Informe N°8, p.52). Dic-25/jun-26: 8.338,04 ha en la base municipal del libro, por falta de detalle equivalente por municipio. | C43: 8781.19 | D43: =Urbano_2025!H54 -> 8338.04 | E43: =Urbano_2026!H54 -> 8338.04
A44: HA EQUIVALENTES PONDERADAS · mínimo/inferencia | B44: Cálculo ponderado; no equivale a superficie territorial cubierta | C44: =Urbano_2024!O54 -> 3930.3945 | D44: =Urbano_2025!O54 -> 8331.67 | E44: =Urbano_2026!O54 -> 8338.04
A45: HA EQUIVALENTES PONDERADAS · máximo/inferencia | B45: Escenario matemático; no avance territorial acreditado | C45: =Urbano_2024!O54 -> 3930.3945 | D45: =Urbano_2025!P54 -> 8331.67 | E45: =Urbano_2026!P54 -> 8338.04
A46: % de avance en hectáreas · mínimo | B46: Ha eq. mínimo / área base | C46: =C44/C43 -> 0.44759247 | D46: =Urbano_2025!M54 -> 0.99923603 | E46: =Urbano_2026!M54 -> 1
A47: % de avance en hectáreas · máximo | B47: Ha eq. máximo / área base | C47: =C45/C43 -> 0.44759247 | D47: =Urbano_2025!N54 -> 0.99923603 | E47: =Urbano_2026!N54 -> 1
A48: % de avance que reporta el informe | B48: 2024: ponderado por hectárea (importancia); 2025-26: conteo simple de productos | C48: 0.4476 | D48: 0.993 | E48: 1
A49: Productos entregados (ortofoto+MDT+GDB) · reportado | B49: Tabla resumen del informe | C49: 42 | D49: 146 | E49: 147
A50: Productos contratados en el sector | B50: Rural 2024: 57×3; 2025-26: 65×3 = 195 (Tabla 30/29) | C50: =49*3 -> 147 | D50: 147 | E50: 147
A51: % por conteo simple = entregados / contratados | B51: Reproduce el % del informe en 2025-26 → cambió la metodología | C51: =C49/C50 -> 0.28571429 | D51: =D49/D50 -> 0.99319728 | E51: =E49/E50 -> 1
A52: Diferencia: % por conteo − % en hectáreas máximo | B52: Cuánto "infla" el conteo frente a las hectáreas | C52: =C51-C47 -> -0.16187818 | D52: =D51-D47 -> -0.0060387526 | E52: =E51-E47 -> 0
A53: Ortofotos entregadas (reportado) | B53: Tabla resumen del informe | C53: 20 | D53: 49 | E53: 49
A54: MDT entregados (reportado) | B54: Tabla resumen del informe | C54: 16 | D54: 49 | E54: 49
A55: GDB entregadas (reportado) | B55: Tabla resumen del informe | C55: 6 | D55: 48 | E55: 49
A56: Ortofotos aprobadas por interventoría | B56: Tabla resumen / texto del informe | D56: 47 | E56: 49
A57: MDT aprobados por interventoría | B57: Tabla resumen / texto del informe | D57: 49 | E57: 49
A58: GDB aprobadas por interventoría | B58: Tabla resumen / texto del informe | D58: 42 | E58: 49
A59: Ortofotos con marca municipal evidenciada | B59: Suma de marcas en las hojas; si < reportado, la diferencia no está desagregada | C59: =Urbano_2024!I54 -> 20 | D59: =Urbano_2025!I54 -> 49 | E59: =Urbano_2026!I54 -> 49
A60: MDT con marca municipal evidenciada | B60: Suma de marcas en las hojas; si < reportado, la diferencia no está desagregada | C60: =Urbano_2024!J54 -> 16 | D60: =Urbano_2025!J54 -> 49 | E60: =Urbano_2026!J54 -> 49
A61: GDB con marca municipal evidenciada | B61: Suma de marcas en las hojas; si < reportado, la diferencia no está desagregada | C61: =Urbano_2024!K54 -> 6 | D61: =Urbano_2025!K54 -> 48 | E61: =Urbano_2026!K54 -> 49
A62: Ha equivalentes CONFORMES (solo 2024) | B62: Tabla 28 col. "% conforme" | C62: =Urbano_2024!R54 -> 3985.2714
A63: Ha equivalentes OFICIALES ante el IGAC | B63: Productos "Oficial" (Tabla 40 p.80) | C63: 0 | D63: =Urbano_2025!U54 -> 0 | E63: =Urbano_2026!U54 -> 4640.3055
A64: Productos urbanos en poder del IGAC (reportado) | B64: Dic-25: Tabla 33 p.74 (54); jun-26: Tabla 39 p.79 (137 = 47 + 37 + 53) | C64: 0 | D64: 54 | E64: 137
A66: TOTAL RURAL + URBANO (hectáreas) | B66: Fuente / nota | C66: Dic-2024 | D66: Dic-2025 | E66: Jun-2026
A67: Área total base (ha) | B67: Rural + urbano; los municipios que están en ambos suman cada área | C67: =Rural_2024!H62+C43 -> 3498681.2 | D67: =Rural_2025!H70+Urbano_2025!H54 -> 4402059.1 | E67: =Rural_2026!H70+Urbano_2026!H54 -> 4402059.1
A68: Ha equivalentes entregadas · mínimo | C68: =Rural_2024!O62+Urbano_2024!O54 -> 549634.46 | D68: =Rural_2025!O70+Urbano_2025!O54 -> 1774659.4 | E68: =Rural_2026!O70+Urbano_2026!O54 -> 2610167.9
A69: Ha equivalentes entregadas · máximo | C69: =Rural_2024!O62+Urbano_2024!O54 -> 549634.46 | D69: =Rural_2025!P70+Urbano_2025!P54 -> 3671752.8 | E69: =Rural_2026!P70+Urbano_2026!P54 -> 2840545.3
A70: % hectáreas · mínimo | C70: =C68/C67 -> 0.15709761 | D70: =D68/D67 -> 0.40314301 | E70: =E68/E67 -> 0.5929425
A71: % hectáreas · máximo | C71: =C69/C67 -> 0.15709761 | D71: =D69/D67 -> 0.83409894 | E71: =E69/E67 -> 0.6452765
A72: Hectáreas rurales de los 10 municipios con vuelo incompleto (jun-2026) | B72: Suma de área contrato de Dabeiba, Frontino, Mutatá, Tarazá, Turbo, Valdivia, Cáceres, Ituango, Murindó, Vigía del Fuerte | E72: =SUMIF(Rural_2026!A5:A69,"05234",Rural_2026!F5:F69)+SUMIF(Rural_2026!A5:A69,"05284",Rural_2026!F5:F69)+SUMIF(Rural_2026!A5:A69,"05480",Rural_2026!F5:F69)+SUMIF(Rural_2026!A5:A69,"05790",Rural_2026!F5:F69)+SUMIF(Rural_2026!A5:A69,"05837",Rural_2026!F5:F69)+SUMIF(Rural_2026!A5:A69,"05854",Rural_2026!F5:F69)+SUMIF(Rural_2026!A5:A69,"05120",Rural_2026!F5:F69)+SUMIF(Rural_2026!A5:A69,"05361",Rural_2026!F5:F69)+SUMIF(Rural_2026!A5:A69,"05475",Rural_2026!F5:F69)+SUMIF(Rural_2026!A5:A69,"05873",Rural_2026!F5:F69) -> 1544966.5
A73: …como % del área rural base | B73: Ninguno de los 10 tiene ortofoto/MDT/GDB: techo del avance en hectáreas | E73: =E72/Rural_2026!H70 -> 0.35163054
A74: Techo del avance rural en hectáreas (100% − lo anterior) | B74: Compárese con el 81,5% que reporta el informe | E74: =1-E73 -> 0.64836946
A76: EJECUCIÓN FINANCIERA · contrato 149-2024 (Tabla 11) | B76: Fuente / nota | C76: Dic-2024 | D76: Dic-2025 | E76: Jun-2026
A77: Valor del contrato (COP) | B77: Informes 2025/26: $44.432.931.516 + adición $10.357.789.628 = $54.790.721.144 | C77: 44432931516 | D77: 54790721144 | E77: 54790721144
A78: Pagado acumulado (COP) | B78: Pagos 1-4 (2024) / 1-14 (a dic-2025) / 1-19 (a jun-2026); Tabla 11 p.21 informes 20 y 26 | C78: 12285608470 | D78: 36428798537 | E78: 41957078791
A79: % pagado sobre valor del contrato | B79: Dic-2024 sobre valor sin adición | C79: =C78/C77 -> 0.27649781 | D79: =D78/D77 -> 0.66487167 | E79: =E78/E77 -> 0.76576979
A80: Número de pagos acumulados | C80: 4 | D80: 14 | E80: 19

Sheet Rural_2024
A1: Cartografía rural · corte 31-dic-2024
A2: Informe de avance N°8 (dic-2024), Valor+, Contrato 24MA176H1682. Área contrato: Tablas 2-3 págs. 8-9. Entregas, importancia y % conforme: Tabla 25 págs. 44-45 (rural) y Tabla 28 págs. 51-52 (urbano). Azul = dato transcrito; negro = fórmula.
A4: Cód. DANE | B4: Municipio | C4: Región | D4: Provincia | E4: Alcance | F4: Área contrato (ha) | G4: Área según interventoría (ha) | H4: Área base (ha) | I4: Ortofoto entregada (1/0) | J4: MDT entregado (1/0) | K4: Vectorial entregado (1/0) | L4: Importancia reportada (%) | M4: % conforme reportado | N4: % avance entregado | O4: Ha equivalentes entregadas | P4: Ha pendientes | Q4: % conforme del municipio | R4: Ha equivalentes conformes | S4: Área bruta con entregas (ha) | T4: Estado | U4: Avance ponderado contractual (45/45/10) | V4: Ha equivalentes ponderadas | W4: Cobertura territorial ≥1 producto | X4: Avance por conteo simple | Y4: Porcentaje reportado por informe | Z4: Diferencia reporte-cálculo | AA4: Observación
A5: 05197 | B5: Cocorná | C5: Oriente | D5: Provincia ABT | E5: Original | F5: 24405 | G5: 24404.89 | H5: =IF(G5="",F5,G5) -> 24404.89 | I5: 1 | J5: 1 | K5: 0 | L5: 0.007 | M5: 0.0063 | N5: =I5*Resumen!$C$6+J5*Resumen!$C$7+K5*Resumen!$C$8 -> 0.9 | O5: =H5*N5 -> 21964.401 | P5: =H5-O5 -> 2440.489 | Q5: =IF(L5>0,MIN(1,M5/L5,IF(K5=0,N5,1)),0) -> 0.9 | R5: =H5*Q5 -> 21964.401 | S5: =IF(N5>0,H5,0) -> 24404.89 | T5: =IF(N5>0,"Con entregas","Sin entregas") -> Con entregas | U5: =I5*Resumen!$C$6+J5*Resumen!$C$7+K5*Resumen!$C$9 -> 0.9 | V5: =H5*U5 -> 21964.401 | W5: =IF(COUNTIF(I5:K5,1)>0,1,0) -> 1 | X5: =COUNTIF(I5:K5,1)/3 -> 0.66666667 | Y5: =N5 -> 0.9 | Z5: =Y5-U5 -> 0 | AA5: El porcentaje reportado puede ser aporte al avance global; no necesariamente avance interno.
A6: 05206 | B6: Concepción | C6: Oriente | D6: Provincia ABT | E6: Original | F6: 20260 | H6: =IF(G6="",F6,G6) -> 20260 | I6: 0 | J6: 0 | K6: 0 | N6: =I6*Resumen!$C$6+J6*Resumen!$C$7+K6*Resumen!$C$8 -> 0 | O6: =H6*N6 -> 0 | P6: =H6-O6 -> 20260 | Q6: =IF(L6>0,MIN(1,M6/L6,IF(K6=0,N6,1)),0) -> 0 | R6: =H6*Q6 -> 0 | S6: =IF(N6>0,H6,0) -> 0 | T6: =IF(N6>0,"Con entregas","Sin entregas") -> Sin entregas | U6: =I6*Resumen!$C$6+J6*Resumen!$C$7+K6*Resumen!$C$9 -> 0 | V6: =H6*U6 -> 0 | W6: =IF(COUNTIF(I6:K6,1)>0,1,0) -> 0 | X6: =COUNTIF(I6:K6,1)/3 -> 0 | Y6: =N6 -> 0 | Z6: =Y6-U6 -> 0 | AA6: El porcentaje reportado puede ser aporte al avance global; no necesariamente avance interno.
A7: 05649 | B7: San Carlos | C7: Oriente | D7: Provincia ABT | E7: Original | F7: 72395 | G7: 72394.57 | H7: =IF(G7="",F7,G7) -> 72394.57 | I7: 1 | J7: 1 | K7: 0 | L7: 0.0207 | M7: 0.0187 | N7: =I7*Resumen!$C$6+J7*Resumen!$C$7+K7*Resumen!$C$8 -> 0.9 | O7: =H7*N7 -> 65155.113 | P7: =H7-O7 -> 7239.457 | Q7: =IF(L7>0,MIN(1,M7/L7,IF(K7=0,N7,1)),0) -> 0.9 | R7: =H7*Q7 -> 65155.113 | S7: =IF(N7>0,H7,0) -> 72394.57 | T7: =IF(N7>0,"Con entregas","Sin entregas") -> Con entregas | U7: =I7*Resumen!$C$6+J7*Resumen!$C$7+K7*Resumen!$C$9 -> 0.9 | V7: =H7*U7 -> 65155.113 | W7: =IF(COUNTIF(I7:K7,1)>0,1,0) -> 1 | X7: =COUNTIF(I7:K7,1)/3 -> 0.66666667 | Y7: =N7 -> 0.9 | Z7: =Y7-U7 -> 0 | AA7: El porcentaje reportado puede ser aporte al avance global; no necesariamente avance interno.
A8: 05652 | B8: San Francisco | C8: Oriente | D8: Provincia ABT | E8: Original | F8: 35717 | H8: =IF(G8="",F8,G8) -> 35717 | I8: 0 | J8: 0 | K8: 0 | N8: =I8*Resumen!$C$6+J8*Resumen!$C$7+K8*Resumen!$C$8 -> 0 | O8: =H8*N8 -> 0 | P8: =H8-O8 -> 35717 | Q8: =IF(L8>0,MIN(1,M8/L8,IF(K8=0,N8,1)),0) -> 0 | R8: =H8*Q8 -> 0 | S8: =IF(N8>0,H8,0) -> 0 | T8: =IF(N8>0,"Con entregas","Sin entregas") -> Sin entregas | U8: =I8*Resumen!$C$6+J8*Resumen!$C$7+K8*Resumen!$C$9 -> 0 | V8: =H8*U8 -> 0 | W8: =IF(COUNTIF(I8:K8,1)>0,1,0) -> 0 | X8: =COUNTIF(I8:K8,1)/3 -> 0 | Y8: =N8 -> 0 | Z8: =Y8-U8 -> 0 | AA8: El porcentaje reportado puede ser aporte al avance global; no necesariamente avance interno.
A9: 05310 | B9: Gómez Plata | C9: Norte | D9: Provincia Bio-Energética del Norte | E9: Original | F9: 33207 | H9: =IF(G9="",F9,G9) -> 33207 | I9: 0 | J9: 0 | K9: 0 | N9: =I9*Resumen!$C$6+J9*Resumen!$C$7+K9*Resumen!$C$8 -> 0 | O9: =H9*N9 -> 0 | P9: =H9-O9 -> 33207 | Q9: =IF(L9>0,MIN(1,M9/L9,IF(K9=0,N9,1)),0) -> 0 | R9: =H9*Q9 -> 0 | S9: =IF(N9>0,H9,0) -> 0 | T9: =IF(N9>0,"Con entregas","Sin entregas") -> Sin entregas | U9: =I9*Resumen!$C$6+J9*Resumen!$C$7+K9*Resumen!$C$9 -> 0 | V9: =H9*U9 -> 0 | W9: =IF(COUNTIF(I9:K9,1)>0,1,0) -> 0 | X9: =COUNTIF(I9:K9,1)/3 -> 0 | Y9: =N9 -> 0 | Z9: =Y9-U9 -> 0 | AA9: El porcentaje reportado puede ser aporte al avance global; no necesariamente avance interno.
A10: 05055 | B10: Argelia | C10: Oriente | D10: Provincia La Paz | E10: Original | F10: 24702 | H10: =IF(G10="",F10,G10) -> 24702 | I10: 0 | J10: 0 | K10: 0 | N10: =I10*Resumen!$C$6+J10*Resumen!$C$7+K10*Resumen!$C$8 -> 0 | O10: =H10*N10 -> 0 | P10: =H10-O10 -> 24702 | Q10: =IF(L10>0,MIN(1,M10/L10,IF(K10=0,N10,1)),0) -> 0 | R10: =H10*Q10 -> 0 | S10: =IF(N10>0,H10,0) -> 0 | T10: =IF(N10>0,"Con entregas","Sin entregas") -> Sin entregas | U10: =I10*Resumen!$C$6+J10*Resumen!$C$7+K10*Resumen!$C$9 -> 0 | V10: =H10*U10 -> 0 | W10: =IF(COUNTIF(I10:K10,1)>0,1,0) -> 0 | X10: =COUNTIF(I10:K10,1)/3 -> 0 | Y10: =N10 -> 0 | Z10: =Y10-U10 -> 0 | AA10: El porcentaje reportado puede ser aporte al avance global; no necesariamente avance interno.
A11: 05483 | B11: Nariño | C11: Oriente | D11: Provincia La Paz | E11: Original | F11: 31797 | H11: =IF(G11="",F11,G11) -> 31797 | I11: 0 | J11: 0 | K11: 0 | N11: =I11*Resumen!$C$6+J11*Resumen!$C$7+K11*Resumen!$C$8 -> 0 | O11: =H11*N11 -> 0 | P11: =H11-O11 -> 31797 | Q11: =IF(L11>0,MIN(1,M11/L11,IF(K11=0,N11,1)),0) -> 0 | R11: =H11*Q11 -> 0 | S11: =IF(N11>0,H11,0) -> 0 | T11: =IF(N11>0,"Con entregas","Sin entregas") -> Sin entregas | U11: =I11*Resumen!$C$6+J11*Resumen!$C$7+K11*Resumen!$C$9 -> 0 | V11: =H11*U11 -> 0 | W11: =IF(COUNTIF(I11:K11,1)>0,1,0) -> 0 | X11: =COUNTIF(I11:K11,1)/3 -> 0 | Y11: =N11 -> 0 | Z11: =Y11-U11 -> 0 | AA11: El porcentaje reportado puede ser aporte al avance global; no necesariamente avance interno.
A12: 05756 | B12: Sonsón | C12: Oriente | D12: Provincia La Paz | E12: Original | F12: 135439 | H12: =IF(G12="",F12,G12) -> 135439 | I12: 0 | J12: 0 | K12: 0 | N12: =I12*Resumen!$C$6+J12*Resumen!$C$7+K12*Resumen!$C$8 -> 0 | O12: =H12*N12 -> 0 | P12: =H12-O12 -> 135439 | Q12: =IF(L12>0,MIN(1,M12/L12,IF(K12=0,N12,1)),0) -> 0 | R12: =H12*Q12 -> 0 | S12: =IF(N12>0,H12,0) -> 0 | T12: =IF(N12>0,"Con entregas","Sin entregas") -> Sin entregas | U12: =I12*Resumen!$C$6+J12*Resumen!$C$7+K12*Resumen!$C$9 -> 0 | V12: =H12*U12 -> 0 | W12: =IF(COUNTIF(I12:K12,1)>0,1,0) -> 0 | X12: =COUNTIF(I12:K12,1)/3 -> 0 | Y12: =N12 -> 0 | Z12: =Y12-U12 -> 0 | AA12: El porcentaje reportado puede ser aporte al avance global; no necesariamente avance interno.
A13: 05628 | B13: Sabanalarga | C13: Occidente | D13: Provincia Occidente | E13: Original | F13: 26573 | H13: =IF(G13="",F13,G13) -> 26573 | I13: 0 | J13: 0 | K13: 0 | N13: =I13*Resumen!$C$6+J13*Resumen!$C$7+K13*Resumen!$C$8 -> 0 | O13: =H13*N13 -> 0 | P13: =H13-O13 -> 26573 | Q13: =IF(L13>0,MIN(1,M13/L13,IF(K13=0,N13,1)),0) -> 0 | R13: =H13*Q13 -> 0 | S13: =IF(N13>0,H13,0) -> 0 | T13: =IF(N13>0,"Con entregas","Sin entregas") -> Sin entregas | U13: =I13*Resumen!$C$6+J13*Resumen!$C$7+K13*Resumen!$C$9 -> 0 | V13: =H13*U13 -> 0 | W13: =IF(COUNTIF(I13:K13,1)>0,1,0) -> 0 | X13: =COUNTIF(I13:K13,1)/3 -> 0 | Y13: =N13 -> 0 | Z13: =Y13-U13 -> 0 | AA13: El porcentaje reportado puede ser aporte al avance global; no necesariamente avance interno.
A14: 05656 | B14: San Jerónimo | C14: Occidente | D14: Provincia Occidente | E14: Original | F14: 17256 | H14: =IF(G14="",F14,G14) -> 17256 | I14: 0 | J14: 0 | K14: 0 | N14: =I14*Resumen!$C$6+J14*Resumen!$C$7+K14*Resumen!$C$8 -> 0 | O14: =H14*N14 -> 0 | P14: =H14-O14 -> 17256 | Q14: =IF(L14>0,MIN(1,M14/L14,IF(K14=0,N14,1)),0) -> 0 | R14: =H14*Q14 -> 0 | S14: =IF(N14>0,H14,0) -> 0 | T14: =IF(N14>0,"Con entregas","Sin entregas") -> Sin entregas | U14: =I14*Resumen!$C$6+J14*Resumen!$C$7+K14*Resumen!$C$9 -> 0 | V14: =H14*U14 -> 0 | W14: =IF(COUNTIF(I14:K14,1)>0,1,0) -> 0 | X14: =COUNTIF(I14:K14,1)/3 -> 0 | Y14: =N14 -> 0 | Z14: =Y14-U14 -> 0 | AA14: El porcentaje reportado puede ser aporte al avance global; no necesariamente avance interno.
A15: 05042 | B15: Santa Fe de Antioquia | C15: Occidente | D15: Provincia Occidente | E15: Original | F15: 53607 | G15: 53606.96 | H15: =IF(G15="",F15,G15) -> 53606.96 | I15: 1 | J15: 1 | K15: 0 | L15: 0.0154 | M15: 0.0138 | N15: =I15*Resumen!$C$6+J15*Resumen!$C$7+K15*Resumen!$C$8 -> 0.9 | O15: =H15*N15 -> 48246.264 | P15: =H15-O15 -> 5360.696 | Q15: =IF(L15>0,MIN(1,M15/L15,IF(K15=0,N15,1)),0) -> 0.8961039 | R15: =H15*Q15 -> 48037.406 | S15: =IF(N15>0,H15,0) -> 53606.96 | T15: =IF(N15>0,"Con entregas","Sin entregas") -> Con entregas | U15: =I15*Resumen!$C$6+J15*Resumen!$C$7+K15*Resumen!$C$9 -> 0.9 | V15: =H15*U15 -> 48246.264 | W15: =IF(COUNTIF(I15:K15,1)>0,1,0) -> 1 | X15: =COUNTIF(I15:K15,1)/3 -> 0.66666667 | Y15: =N15 -> 0.9 | Z15: =Y15-U15 -> 0 | AA15: El porcentaje reportado puede ser aporte al avance global; no necesariamente avance interno.
A16: 05890 | B16: Yolombó | C16: Nordeste | D16: Provincia Mineros | E16: Original | F16: 94340 | H16: =IF(G16="",F16,G16) -> 94340 | I16: 0 | J16: 0 | K16: 0 | N16: =I16*Resumen!$C$6+J16*Resumen!$C$7+K16*Resumen!$C$8 -> 0 | O16: =H16*N16 -> 0 | P16: =H16-O16 -> 94340 | Q16: =IF(L16>0,MIN(1,M16/L16,IF(K16=0,N16,1)),0) -> 0 | R16: =H16*Q16 -> 0 | S16: =IF(N16>0,H16,0) -> 0 | T16: =IF(N16>0,"Con entregas","Sin entregas") -> Sin entregas | U16: =I16*Resumen!$C$6+J16*Resumen!$C$7+K16*Resumen!$C$9 -> 0 | V16: =H16*U16 -> 0 | W16: =IF(COUNTIF(I16:K16,1)>0,1,0) -> 0 | X16: =COUNTIF(I16:K16,1)/3 -> 0 | Y16: =N16 -> 0 | Z16: =Y16-U16 -> 0 | AA16: El porcentaje reportado puede ser aporte al avance global; no necesariamente avance interno.
A17: 05002 | B17: Abejorral | C17: Oriente | D17: Sin provincia asignada | E17: Original | F17: 50695 | G17: 50695.28 | H17: =IF(G17="",F17,G17) -> 50695.28 | I17: 0 | J17: 1 | K17: 0 | L17: 0.0145 | M17: 0.0052 | N17: =I17*Resumen!$C$6+J17*Resumen!$C$7+K17*Resumen!$C$8 -> 0.45 | O17: =H17*N17 -> 22812.876 | P17: =H17-O17 -> 27882.404 | Q17: =IF(L17>0,MIN(1,M17/L17,IF(K17=0,N17,1)),0) -> 0.35862069 | R17: =H17*Q17 -> 18180.376 | S17: =IF(N17>0,H17,0) -> 50695.28 | T17: =IF(N17>0,"Con entregas","Sin entregas") -> Con entregas | U17: =I17*Resumen!$C$6+J17*Resumen!$C$7+K17*Resumen!$C$9 -> 0.45 | V17: =H17*U17 -> 22812.876 | W17: =IF(COUNTIF(I17:K17,1)>0,1,0) -> 1 | X17: =COUNTIF(I17:K17,1)/3 -> 0.33333333 | Y17: =N17 -> 0.45 | Z17: =Y17-U17 -> 0 | AA17: El porcentaje reportado puede ser aporte al avance global; no necesariamente avance interno.
A18: 05004 | B18: Abriaquí | C18: Occidente | D18: Sin provincia asignada | E18: Original | F18: 29715 | H18: =IF(G18="",F18,G18) -> 29715 | I18: 0 | J18: 0 | K18: 0 | N18: =I18*Resumen!$C$6+J18*Resumen!$C$7+K18*Resumen!$C$8 -> 0 | O18: =H18*N18 -> 0 | P18: =H18-O18 -> 29715 | Q18: =IF(L18>0,MIN(1,M18/L18,IF(K18=0,N18,1)),0) -> 0 | R18: =H18*Q18 -> 0 | S18: =IF(N18>0,H18,0) -> 0 | T18: =IF(N18>0,"Con entregas","Sin entregas") -> Sin entregas | U18: =I18*Resumen!$C$6+J18*Resumen!$C$7+K18*Resumen!$C$9 -> 0 | V18: =H18*U18 -> 0 | W18: =IF(COUNTIF(I18:K18,1)>0,1,0) -> 0 | X18: =COUNTIF(I18:K18,1)/3 -> 0 | Y18: =N18 -> 0 | Z18: =Y18-U18 -> 0 | AA18: El porcentaje reportado puede ser aporte al avance global; no necesariamente avance interno.
A19: 05031 | B19: Amalfi | C19: Nordeste | D19: Sin provincia asignada | E19: Original | F19: 120835 | G19: 120834.62 | H19: =IF(G19="",F19,G19) -> 120834.62 | I19: 1 | J19: 0 | K19: 0 | L19: 0.0346 | M19: 0.0156 | N19: =I19*Resumen!$C$6+J19*Resumen!$C$7+K19*Resumen!$C$8 -> 0.45 | O19: =H19*N19 -> 54375.579 | P19: =H19-O19 -> 66459.041 | Q19: =IF(L19>0,MIN(1,M19/L19,IF(K19=0,N19,1)),0) -> 0.45 | R19: =H19*Q19 -> 54375.579 | S19: =IF(N19>0,H19,0) -> 120834.62 | T19: =IF(N19>0,"Con entregas","Sin entregas") -> Con entregas | U19: =I19*Resumen!$C$6+J19*Resumen!$C$7+K19*Resumen!$C$9 -> 0.45 | V19: =H19*U19 -> 54375.579 | W19: =IF(COUNTIF(I19:K19,1)>0,1,0) -> 1 | X19: =COUNTIF(I19:K19,1)/3 -> 0.33333333 | Y19: =N19 -> 0.45 | Z19: =Y19-U19 -> 0 | AA19: El porcentaje reportado puede ser aporte al avance global; no necesariamente avance interno.
A20: 05059 | B20: Armenia | C20: Occidente | D20: Sin provincia asignada | E20: Original | F20: 11050 | G20: 11050.26 | H20: =IF(G20="",F20,G20) -> 11050.26 | I20: 0 | J20: 1 | K20: 0 | L20: 0.0032 | M20: 0.001 | N20: =I20*Resumen!$C$6+J20*Resumen!$C$7+K20*Resumen!$C$8 -> 0.45 | O20: =H20*N20 -> 4972.617 | P20: =H20-O20 -> 6077.643 | Q20: =IF(L20>0,MIN(1,M20/L20,IF(K20=0,N20,1)),0) -> 0.3125 | R20: =H20*Q20 -> 3453.2063 | S20: =IF(N20>0,H20,0) -> 11050.26 | T20: =IF(N20>0,"Con entregas","Sin entregas") -> Con entregas | U20: =I20*Resumen!$C$6+J20*Resumen!$C$7+K20*Resumen!$C$9 -> 0.45 | V20: =H20*U20 -> 4972.617 | W20: =IF(COUNTIF(I20:K20,1)>0,1,0) -> 1 | X20: =COUNTIF(I20:K20,1)/3 -> 0.33333333 | Y20: =N20 -> 0.45 | Z20: =Y20-U20 -> 0 | AA20: El porcentaje reportado puede ser aporte al avance global; no necesariamente avance interno.
A21: 05086 | B21: Belmira | C21: Norte | D21: Sin provincia asignada | E21: Original | F21: 30466 | H21: =IF(G21="",F21,G21) -> 30466 | I21: 0 | J21: 0 | K21: 0 | N21: =I21*Resumen!$C$6+J21*Resumen!$C$7+K21*Resumen!$C$8 -> 0 | O21: =H21*N21 -> 0 | P21: =H21-O21 -> 30466 | Q21: =IF(L21>0,MIN(1,M21/L21,IF(K21=0,N21,1)),0) -> 0 | R21: =H21*Q21 -> 0 | S21: =IF(N21>0,H21,0) -> 0 | T21: =IF(N21>0,"Con entregas","Sin entregas") -> Sin entregas | U21: =I21*Resumen!$C$6+J21*Resumen!$C$7+K21*Resumen!$C$9 -> 0 | V21: =H21*U21 -> 0 | W21: =IF(COUNTIF(I21:K21,1)>0,1,0) -> 0 | X21: =COUNTIF(I21:K21,1)/3 -> 0 | Y21: =N21 -> 0 | Z21: =Y21-U21 -> 0 | AA21: El porcentaje reportado puede ser aporte al avance global; no necesariamente avance interno.
A22: 05107 | B22: Briceño | C22: Norte | D22: Sin provincia asignada | E22: Original | F22: 37624 | H22: =IF(G22="",F22,G22) -> 37624 | I22: 0 | J22: 0 | K22: 0 | N22: =I22*Resumen!$C$6+J22*Resumen!$C$7+K22*Resumen!$C$8 -> 0 | O22: =H22*N22 -> 0 | P22: =H22-O22 -> 37624 | Q22: =IF(L22>0,MIN(1,M22/L22,IF(K22=0,N22,1)),0) -> 0 | R22: =H22*Q22 -> 0 | S22: =IF(N22>0,H22,0) -> 0 | T22: =IF(N22>0,"Con entregas","Sin entregas") -> Sin entregas | U22: =I22*Resumen!$C$6+J22*Resumen!$C$7+K22*Resumen!$C$9 -> 0 | V22: =H22*U22 -> 0 | W22: =IF(COUNTIF(I22:K22,1)>0,1,0) -> 0 | X22: =COUNTIF(I22:K22,1)/3 -> 0 | Y22: =N22 -> 0 | Z22: =Y22-U22 -> 0 | AA22: El porcentaje reportado puede ser aporte al avance global; no necesariamente avance interno.
A23: 05113 | B23: Buriticá | C23: Occidente | D23: Sin provincia asignada | E23: Original | F23: 35519 | H23: =IF(G23="",F23,G23) -> 35519 | I23: 0 | J23: 0 | K23: 0 | N23: =I23*Resumen!$C$6+J23*Resumen!$C$7+K23*Resumen!$C$8 -> 0 | O23: =H23*N23 -> 0 | P23: =H23-O23 -> 35519 | Q23: =IF(L23>0,MIN(1,M23/L23,IF(K23=0,N23,1)),0) -> 0 | R23: =H23*Q23 -> 0 | S23: =IF(N23>0,H23,0) -> 0 | T23: =IF(N23>0,"Con entregas","Sin entregas") -> Sin entregas | U23: =I23*Resumen!$C$6+J23*Resumen!$C$7+K23*Resumen!$C$9 -> 0 | V23: =H23*U23 -> 0 | W23: =IF(COUNTIF(I23:K23,1)>0,1,0) -> 0 | X23: =COUNTIF(I23:K23,1)/3 -> 0 | Y23: =N23 -> 0 | Z23: =Y23-U23 -> 0 | AA23: El porcentaje reportado puede ser aporte al avance global; no necesariamente avance interno.
A24: 05134 | B24: Campamento | C24: Norte | D24: Sin provincia asignada | E24: Original | F24: 23206 | H24: =IF(G24="",F24,G24) -> 23206 | I24: 0 | J24: 0 | K24: 0 | N24: =I24*Resumen!$C$6+J24*Resumen!$C$7+K24*Resumen!$C$8 -> 0 | O24: =H24*N24 -> 0 | P24: =H24-O24 -> 23206 | Q24: =IF(L24>0,MIN(1,M24/L24,IF(K24=0,N24,1)),0) -> 0 | R24: =H24*Q24 -> 0 | S24: =IF(N24>0,H24,0) -> 0 | T24: =IF(N24>0,"Con entregas","Sin entregas") -> Sin entregas | U24: =I24*Resumen!$C$6+J24*Resumen!$C$7+K24*Resumen!$C$9 -> 0 | V24: =H24*U24 -> 0 | W24: =IF(COUNTIF(I24:K24,1)>0,1,0) -> 0 | X24: =COUNTIF(I24:K24,1)/3 -> 0 | Y24: =N24 -> 0 | Z24: =Y24-U24 -> 0 | AA24: El porcentaje reportado puede ser aporte al avance global; no necesariamente avance interno.
A25: 05142 | B25: Caracolí | C25: Magdalena Medio | D25: Sin provincia asignada | E25: Original | F25: 26258 | H25: =IF(G25="",F25,G25) -> 26258 | I25: 0 | J25: 0 | K25: 0 | N25: =I25*Resumen!$C$6+J25*Resumen!$C$7+K25*Resumen!$C$8 -> 0 | O25: =H25*N25 -> 0 | P25: =H25-O25 -> 26258 | Q25: =IF(L25>0,MIN(1,M25/L25,IF(K25=0,N25,1)),0) -> 0 | R25: =H25*Q25 -> 0 | S25: =IF(N25>0,H25,0) -> 0 | T25: =IF(N25>0,"Con entregas","Sin entregas") -> Sin entregas | U25: =I25*Resumen!$C$6+J25*Resumen!$C$7+K25*Resumen!$C$9 -> 0 | V25: =H25*U25 -> 0 | W25: =IF(COUNTIF(I25:K25,1)>0,1,0) -> 0 | X25: =COUNTIF(I25:K25,1)/3 -> 0 | Y25: =N25 -> 0 | Z25: =Y25-U25 -> 0 | AA25: El porcentaje reportado puede ser aporte al avance global; no necesariamente avance interno.
A26: 05154 | B26: Caucasia | C26: Bajo Cauca | D26: Sin provincia asignada | E26: Original | F26: 169909 | H26: =IF(G26="",F26,G26) -> 169909 | I26: 0 | J26: 0 | K26: 0 | N26: =I26*Resumen!$C$6+J26*Resumen!$C$7+K26*Resumen!$C$8 -> 0 | O26: =H26*N26 -> 0 | P26: =H26-O26 -> 169909 | Q26: =IF(L26>0,MIN(1,M26/L26,IF(K26=0,N26,1)),0) -> 0 | R26: =H26*Q26 -> 0 | S26: =IF(N26>0,H26,0) -> 0 | T26: =IF(N26>0,"Con entregas","Sin entregas") -> Sin entregas | U26: =I26*Resumen!$C$6+J26*Resumen!$C$7+K26*Resumen!$C$9 -> 0 | V26: =H26*U26 -> 0 | W26: =IF(COUNTIF(I26:K26,1)>0,1,0) -> 0 | X26: =COUNTIF(I26:K26,1)/3 -> 0 | Y26: =N26 -> 0 | Z26: =Y26-U26 -> 0 | AA26: El porcentaje reportado puede ser aporte al avance global; no necesariamente avance interno.
A27: 05138 | B27: Cañasgordas | C27: Occidente | D27: Sin provincia asignada | E27: Original | F27: 36484 | H27: =IF(G27="",F27,G27) -> 36484 | I27: 0 | J27: 0 | K27: 0 | N27: =I27*Resumen!$C$6+J27*Resumen!$C$7+K27*Resumen!$C$8 -> 0 | O27: =H27*N27 -> 0 | P27: =H27-O27 -> 36484 | Q27: =IF(L27>0,MIN(1,M27/L27,IF(K27=0,N27,1)),0) -> 0 | R27: =H27*Q27 -> 0 | S27: =IF(N27>0,H27,0) -> 0 | T27: =IF(N27>0,"Con entregas","Sin entregas") -> Sin entregas | U27: =I27*Resumen!$C$6+J27*Resumen!$C$7+K27*Resumen!$C$9 -> 0 | V27: =H27*U27 -> 0 | W27: =IF(COUNTIF(I27:K27,1)>0,1,0) -> 0 | X27: =COUNTIF(I27:K27,1)/3 -> 0 | Y27: =N27 -> 0 | Z27: =Y27-U27 -> 0 | AA27: El porcentaje reportado puede ser aporte al avance global; no necesariamente avance interno.
A28: 05172 | B28: Chigorodó | C28: Urabá | D28: Sin provincia asignada | E28: Original | F28: 76629 | H28: =IF(G28="",F28,G28) -> 76629 | I28: 0 | J28: 0 | K28: 0 | N28: =I28*Resumen!$C$6+J28*Resumen!$C$7+K28*Resumen!$C$8 -> 0 | O28: =H28*N28 -> 0 | P28: =H28-O28 -> 76629 | Q28: =IF(L28>0,MIN(1,M28/L28,IF(K28=0,N28,1)),0) -> 0 | R28: =H28*Q28 -> 0 | S28: =IF(N28>0,H28,0) -> 0 | T28: =IF(N28>0,"Con entregas","Sin entregas") -> Sin entregas | U28: =I28*Resumen!$C$6+J28*Resumen!$C$7+K28*Resumen!$C$9 -> 0 | V28: =H28*U28 -> 0 | W28: =IF(COUNTIF(I28:K28,1)>0,1,0) -> 0 | X28: =COUNTIF(I28:K28,1)/3 -> 0 | Y28: =N28 -> 0 | Z28: =Y28-U28 -> 0 | AA28: El porcentaje reportado puede ser aporte al avance global; no necesariamente avance interno.
A29: 05190 | B29: Cisneros | C29: Nordeste | D29: Sin provincia asignada | E29: Original | F29: 4691 | G29: 4691.49 | H29: =IF(G29="",F29,G29) -> 4691.49 | I29: 1 | J29: 1 | K29: 0 | L29: 0.0013 | M29: 0.0012 | N29: =I29*Resumen!$C$6+J29*Resumen!$C$7+K29*Resumen!$C$8 -> 0.9 | O29: =H29*N29 -> 4222.341 | P29: =H29-O29 -> 469.149 | Q29: =IF(L29>0,MIN(1,M29/L29,IF(K29=0,N29,1)),0) -> 0.9 | R29: =H29*Q29 -> 4222.341 | S29: =IF(N29>0,H29,0) -> 4691.49 | T29: =IF(N29>0,"Con entregas","Sin entregas") -> Con entregas | U29: =I29*Resumen!$C$6+J29*Resumen!$C$7+K29*Resumen!$C$9 -> 0.9 | V29: =H29*U29 -> 4222.341 | W29: =IF(COUNTIF(I29:K29,1)>0,1,0) -> 1 | X29: =COUNTIF(I29:K29,1)/3 -> 0.66666667 | Y29: =N29 -> 0.9 | Z29: =Y29-U29 -> 0 | AA29: El porcentaje reportado puede ser aporte al avance global; no necesariamente avance interno.
A30: 05234 | B30: Dabeiba | C30: Occidente | D30: Sin provincia asignada | E30: Original | F30: 195844 | H30: =IF(G30="",F30,G30) -> 195844 | I30: 0 | J30: 0 | K30: 0 | N30: =I30*Resumen!$C$6+J30*Resumen!$C$7+K30*Resumen!$C$8 -> 0 | O30: =H30*N30 -> 0 | P30: =H30-O30 -> 195844 | Q30: =IF(L30>0,MIN(1,M30/L30,IF(K30=0,N30,1)),0) -> 0 | R30: =H30*Q30 -> 0 | S30: =IF(N30>0,H30,0) -> 0 | T30: =IF(N30>0,"Con entregas","Sin entregas") -> Sin entregas | U30: =I30*Resumen!$C$6+J30*Resumen!$C$7+K30*Resumen!$C$9 -> 0 | V30: =H30*U30 -> 0 | W30: =IF(COUNTIF(I30:K30,1)>0,1,0) -> 0 | X30: =COUNTIF(I30:K30,1)/3 -> 0 | Y30: =N30 -> 0 | Z30: =Y30-U30 -> 0 | AA30: El porcentaje reportado puede ser aporte al avance global; no necesariamente avance interno.
A31: 05240 | B31: Ebéjico | C31: Occidente | D31: Sin provincia asignada | E31: Original | F31: 24687 | H31: =IF(G31="",F31,G31) -> 24687 | I31: 0 | J31: 0 | K31: 0 | N31: =I31*Resumen!$C$6+J31*Resumen!$C$7+K31*Resumen!$C$8 -> 0 | O31: =H31*N31 -> 0 | P31: =H31-O31 -> 24687 | Q31: =IF(L31>0,MIN(1,M31/L31,IF(K31=0,N31,1)),0) -> 0 | R31: =H31*Q31 -> 0 | S31: =IF(N31>0,H31,0) -> 0 | T31: =IF(N31>0,"Con entregas","Sin entregas") -> Sin entregas | U31: =I31*Resumen!$C$6+J31*Resumen!$C$7+K31*Resumen!$C$9 -> 0 | V31: =H31*U31 -> 0 | W31: =IF(COUNTIF(I31:K31,1)>0,1,0) -> 0 | X31: =COUNTIF(I31:K31,1)/3 -> 0 | Y31: =N31 -> 0 | Z31: =Y31-U31 -> 0 | AA31: El porcentaje reportado puede ser aporte al avance global; no necesariamente avance interno.
A32: 05264 | B32: Entrerríos | C32: Norte | D32: Sin provincia asignada | E32: Original | F32: 21414 | G32: 21413.54 | H32: =IF(G32="",F32,G32) -> 21413.54 | I32: 1 | J32: 1 | K32: 0 | L32: 0.0061 | M32: 0.0032 | N32: =I32*Resumen!$C$6+J32*Resumen!$C$7+K32*Resumen!$C$8 -> 0.9 | O32: =H32*N32 -> 19272.186 | P32: =H32-O32 -> 2141.354 | Q32: =IF(L32>0,MIN(1,M32/L32,IF(K32=0,N32,1)),0) -> 0.52459016 | R32: =H32*Q32 -> 11233.332 | S32: =IF(N32>0,H32,0) -> 21413.54 | T32: =IF(N32>0,"Con entregas","Sin entregas") -> Con entregas | U32: =I32*Resumen!$C$6+J32*Resumen!$C$7+K32*Resumen!$C$9 -> 0.9 | V32: =H32*U32 -> 19272.186 | W32: =IF(COUNTIF(I32:K32,1)>0,1,0) -> 1 | X32: =COUNTIF(I32:K32,1)/3 -> 0.66666667 | Y32: =N32 -> 0.9 | Z32: =Y32-U32 -> 0 | AA32: El porcentaje reportado puede ser aporte al avance global; no necesariamente avance interno.
A33: 05284 | B33: Frontino | C33: Occidente | D33: Sin provincia asignada | E33: Original | F33: 142539 | H33: =IF(G33="",F33,G33) -> 142539 | I33: 0 | J33: 0 | K33: 0 | N33: =I33*Resumen!$C$6+J33*Resumen!$C$7+K33*Resumen!$C$8 -> 0 | O33: =H33*N33 -> 0 | P33: =H33-O33 -> 142539 | Q33: =IF(L33>0,MIN(1,M33/L33,IF(K33=0,N33,1)),0) -> 0 | R33: =H33*Q33 -> 0 | S33: =IF(N33>0,H33,0) -> 0 | T33: =IF(N33>0,"Con entregas","Sin entregas") -> Sin entregas | U33: =I33*Resumen!$C$6+J33*Resumen!$C$7+K33*Resumen!$C$9 -> 0 | V33: =H33*U33 -> 0 | W33: =IF(COUNTIF(I33:K33,1)>0,1,0) -> 0 | X33: =COUNTIF(I33:K33,1)/3 -> 0 | Y33: =N33 -> 0 | Z33: =Y33-U33 -> 0 | AA33: El porcentaje reportado puede ser aporte al avance global; no necesariamente avance interno.
A34: 05306 | B34: Giraldo | C34: Occidente | D34: Sin provincia asignada | E34: Original | F34: 9349 | H34: =IF(G34="",F34,G34) -> 9349 | I34: 0 | J34: 0 | K34: 0 | N34: =I34*Resumen!$C$6+J34*Resumen!$C$7+K34*Resumen!$C$8 -> 0 | O34: =H34*N34 -> 0 | P34: =H34-O34 -> 9349 | Q34: =IF(L34>0,MIN(1,M34/L34,IF(K34=0,N34,1)),0) -> 0 | R34: =H34*Q34 -> 0 | S34: =IF(N34>0,H34,0) -> 0 | T34: =IF(N34>0,"Con entregas","Sin entregas") -> Sin entregas | U34: =I34*Resumen!$C$6+J34*Resumen!$C$7+K34*Resumen!$C$9 -> 0 | V34: =H34*U34 -> 0 | W34: =IF(COUNTIF(I34:K34,1)>0,1,0) -> 0 | X34: =COUNTIF(I34:K34,1)/3 -> 0 | Y34: =N34 -> 0 | Z34: =Y34-U34 -> 0 | AA34: El porcentaje reportado puede ser aporte al avance global; no necesariamente avance interno.
A35: 05315 | B35: Guadalupe | C35: Norte | D35: Sin provincia asignada | E35: Original | F35: 11825 | H35: =IF(G35="",F35,G35) -> 11825 | I35: 0 | J35: 0 | K35: 0 | N35: =I35*Resumen!$C$6+J35*Resumen!$C$7+K35*Resumen!$C$8 -> 0 | O35: =H35*N35 -> 0 | P35: =H35-O35 -> 11825 | Q35: =IF(L35>0,MIN(1,M35/L35,IF(K35=0,N35,1)),0) -> 0 | R35: =H35*Q35 -> 0 | S35: =IF(N35>0,H35,0) -> 0 | T35: =IF(N35>0,"Con entregas","Sin entregas") -> Sin entregas | U35: =I35*Resumen!$C$6+J35*Resumen!$C$7+K35*Resumen!$C$9 -> 0 | V35: =H35*U35 -> 0 | W35: =IF(COUNTIF(I35:K35,1)>0,1,0) -> 0 | X35: =COUNTIF(I35:K35,1)/3 -> 0 | Y35: =N35 -> 0 | Z35: =Y35-U35 -> 0 | AA35: El porcentaje reportado puede ser aporte al avance global; no necesariamente avance interno.
A36: 05347 | B36: Heliconia | C36: Occidente | D36: Sin provincia asignada | E36: Original | F36: 11493 | H36: =IF(G36="",F36,G36) -> 11493 | I36: 0 | J36: 0 | K36: 0 | N36: =I36*Resumen!$C$6+J36*Resumen!$C$7+K36*Resumen!$C$8 -> 0 | O36: =H36*N36 -> 0 | P36: =H36-O36 -> 11493 | Q36: =IF(L36>0,MIN(1,M36/L36,IF(K36=0,N36,1)),0) -> 0 | R36: =H36*Q36 -> 0 | S36: =IF(N36>0,H36,0) -> 0 | T36: =IF(N36>0,"Con entregas","Sin entregas") -> Sin entregas | U36: =I36*Resumen!$C$6+J36*Resumen!$C$7+K36*Resumen!$C$9 -> 0 | V36: =H36*U36 -> 0 | W36: =IF(COUNTIF(I36:K36,1)>0,1,0) -> 0 | X36: =COUNTIF(I36:K36,1)/3 -> 0 | Y36: =N36 -> 0 | Z36: =Y36-U36 -> 0 | AA36: El porcentaje reportado puede ser aporte al avance global; no necesariamente avance interno.
A37: 05411 | B37: Liborina | C37: Occidente | D37: Sin provincia asignada | E37: Original | F37: 21639 | H37: =IF(G37="",F37,G37) -> 21639 | I37: 0 | J37: 0 | K37: 0 | N37: =I37*Resumen!$C$6+J37*Resumen!$C$7+K37*Resumen!$C$8 -> 0 | O37: =H37*N37 -> 0 | P37: =H37-O37 -> 21639 | Q37: =IF(L37>0,MIN(1,M37/L37,IF(K37=0,N37,1)),0) -> 0 | R37: =H37*Q37 -> 0 | S37: =IF(N37>0,H37,0) -> 0 | T37: =IF(N37>0,"Con entregas","Sin entregas") -> Sin entregas | U37: =I37*Resumen!$C$6+J37*Resumen!$C$7+K37*Resumen!$C$9 -> 0 | V37: =H37*U37 -> 0 | W37: =IF(COUNTIF(I37:K37,1)>0,1,0) -> 0 | X37: =COUNTIF(I37:K37,1)/3 -> 0 | Y37: =N37 -> 0 | Z37: =Y37-U37 -> 0 | AA37: El porcentaje reportado puede ser aporte al avance global; no necesariamente avance interno.
A38: 05425 | B38: Maceo | C38: Magdalena Medio | D38: Sin provincia asignada | E38: Original | F38: 45529 | H38: =IF(G38="",F38,G38) -> 45529 | I38: 0 | J38: 0 | K38: 0 | N38: =I38*Resumen!$C$6+J38*Resumen!$C$7+K38*Resumen!$C$8 -> 0 | O38: =H38*N38 -> 0 | P38: =H38-O38 -> 45529 | Q38: =IF(L38>0,MIN(1,M38/L38,IF(K38=0,N38,1)),0) -> 0 | R38: =H38*Q38 -> 0 | S38: =IF(N38>0,H38,0) -> 0 | T38: =IF(N38>0,"Con entregas","Sin entregas") -> Sin entregas | U38: =I38*Resumen!$C$6+J38*Resumen!$C$7+K38*Resumen!$C$9 -> 0 | V38: =H38*U38 -> 0 | W38: =IF(COUNTIF(I38:K38,1)>0,1,0) -> 0 | X38: =COUNTIF(I38:K38,1)/3 -> 0 | Y38: =N38 -> 0 | Z38: =Y38-U38 -> 0 | AA38: El porcentaje reportado puede ser aporte al avance global; no necesariamente avance interno.
A39: 05480 | B39: Mutatá | C39: Urabá | D39: Sin provincia asignada | E39: Original | F39: 109140 | H39: =IF(G39="",F39,G39) -> 109140 | I39: 0 | J39: 0 | K39: 0 | N39: =I39*Resumen!$C$6+J39*Resumen!$C$7+K39*Resumen!$C$8 -> 0 | O39: =H39*N39 -> 0 | P39: =H39-O39 -> 109140 | Q39: =IF(L39>0,MIN(1,M39/L39,IF(K39=0,N39,1)),0) -> 0 | R39: =H39*Q39 -> 0 | S39: =IF(N39>0,H39,0) -> 0 | T39: =IF(N39>0,"Con entregas","Sin entregas") -> Sin entregas | U39: =I39*Resumen!$C$6+J39*Resumen!$C$7+K39*Resumen!$C$9 -> 0 | V39: =H39*U39 -> 0 | W39: =IF(COUNTIF(I39:K39,1)>0,1,0) -> 0 | X39: =COUNTIF(I39:K39,1)/3 -> 0 | Y39: =N39 -> 0 | Z39: =Y39-U39 -> 0 | AA39: El porcentaje reportado puede ser aporte al avance global; no necesariamente avance interno.
A40: 05490 | B40: Necoclí | C40: Urabá | D40: Sin provincia asignada | E40: Original | F40: 126064 | G40: 126063.91 | H40: =IF(G40="",F40,G40) -> 126063.91 | I40: 0 | J40: 1 | K40: 0 | L40: 0.0361 | M40: 0.0135 | N40: =I40*Resumen!$C$6+J40*Resumen!$C$7+K40*Resumen!$C$8 -> 0.45 | O40: =H40*N40 -> 56728.76 | P40: =H40-O40 -> 69335.151 | Q40: =IF(L40>0,MIN(1,M40/L40,IF(K40=0,N40,1)),0) -> 0.37396122 | R40: =H40*Q40 -> 47143.013 | S40: =IF(N40>0,H40,0) -> 126063.91 | T40: =IF(N40>0,"Con entregas","Sin entregas") -> Con entregas | U40: =I40*Resumen!$C$6+J40*Resumen!$C$7+K40*Resumen!$C$9 -> 0.45 | V40: =H40*U40 -> 56728.76 | W40: =IF(COUNTIF(I40:K40,1)>0,1,0) -> 1 | X40: =COUNTIF(I40:K40,1)/3 -> 0.33333333 | Y40: =N40 -> 0.45 | Z40: =Y40-U40 -> 0 | AA40: El porcentaje reportado puede ser aporte al avance global; no necesariamente avance interno.
A41: 05501 | B41: Olaya | C41: Occidente | D41: Sin provincia asignada | E41: Original | F41: 9952 | G41: 9952.2 | H41: =IF(G41="",F41,G41) -> 9952.2 | I41: 1 | J41: 1 | K41: 0 | L41: 0.0029 | M41: 0.0026 | N41: =I41*Resumen!$C$6+J41*Resumen!$C$7+K41*Resumen!$C$8 -> 0.9 | O41: =H41*N41 -> 8956.98 | P41: =H41-O41 -> 995.22 | Q41: =IF(L41>0,MIN(1,M41/L41,IF(K41=0,N41,1)),0) -> 0.89655172 | R41: =H41*Q41 -> 8922.6621 | S41: =IF(N41>0,H41,0) -> 9952.2 | T41: =IF(N41>0,"Con entregas","Sin entregas") -> Con entregas | U41: =I41*Resumen!$C$6+J41*Resumen!$C$7+K41*Resumen!$C$9 -> 0.9 | V41: =H41*U41 -> 8956.98 | W41: =IF(COUNTIF(I41:K41,1)>0,1,0) -> 1 | X41: =COUNTIF(I41:K41,1)/3 -> 0.66666667 | Y41: =N41 -> 0.9 | Z41: =Y41-U41 -> 0 | AA41: El porcentaje reportado puede ser aporte al avance global; no necesariamente avance interno.
A42: 05543 | B42: Peque | C42: Occidente | D42: Sin provincia asignada | E42: Original | F42: 43404 | H42: =IF(G42="",F42,G42) -> 43404 | I42: 0 | J42: 0 | K42: 0 | N42: =I42*Resumen!$C$6+J42*Resumen!$C$7+K42*Resumen!$C$8 -> 0 | O42: =H42*N42 -> 0 | P42: =H42-O42 -> 43404 | Q42: =IF(L42>0,MIN(1,M42/L42,IF(K42=0,N42,1)),0) -> 0 | R42: =H42*Q42 -> 0 | S42: =IF(N42>0,H42,0) -> 0 | T42: =IF(N42>0,"Con entregas","Sin entregas") -> Sin entregas | U42: =I42*Resumen!$C$6+J42*Resumen!$C$7+K42*Resumen!$C$9 -> 0 | V42: =H42*U42 -> 0 | W42: =IF(COUNTIF(I42:K42,1)>0,1,0) -> 0 | X42: =COUNTIF(I42:K42,1)/3 -> 0 | Y42: =N42 -> 0 | Z42: =Y42-U42 -> 0 | AA42: El porcentaje reportado puede ser aporte al avance global; no necesariamente avance interno.
A43: 05579 | B43: Puerto Berrío | C43: Magdalena Medio | D43: Sin provincia asignada | E43: Original | F43: 121893 | G43: 121893.16 | H43: =IF(G43="",F43,G43) -> 121893.16 | I43: 1 | J43: 1 | K43: 0 | L43: 0.0349 | M43: 0.0314 | N43: =I43*Resumen!$C$6+J43*Resumen!$C$7+K43*Resumen!$C$8 -> 0.9 | O43: =H43*N43 -> 109703.84 | P43: =H43-O43 -> 12189.316 | Q43: =IF(L43>0,MIN(1,M43/L43,IF(K43=0,N43,1)),0) -> 0.89971347 | R43: =H43*Q43 -> 109668.92 | S43: =IF(N43>0,H43,0) -> 121893.16 | T43: =IF(N43>0,"Con entregas","Sin entregas") -> Con entregas | U43: =I43*Resumen!$C$6+J43*Resumen!$C$7+K43*Resumen!$C$9 -> 0.9 | V43: =H43*U43 -> 109703.84 | W43: =IF(COUNTIF(I43:K43,1)>0,1,0) -> 1 | X43: =COUNTIF(I43:K43,1)/3 -> 0.66666667 | Y43: =N43 -> 0.9 | Z43: =Y43-U43 -> 0 | AA43: El porcentaje reportado puede ser aporte al avance global; no necesariamente avance interno.
A44: 05585 | B44: Puerto Nare | C44: Magdalena Medio | D44: Sin provincia asignada | E44: Original | F44: 57907 | G44: 57906.71 | H44: =IF(G44="",F44,G44) -> 57906.71 | I44: 1 | J44: 1 | K44: 0 | L44: 0.0166 | M44: 0.0086 | N44: =I44*Resumen!$C$6+J44*Resumen!$C$7+K44*Resumen!$C$8 -> 0.9 | O44: =H44*N44 -> 52116.039 | P44: =H44-O44 -> 5790.671 | Q44: =IF(L44>0,MIN(1,M44/L44,IF(K44=0,N44,1)),0) -> 0.51807229 | R44: =H44*Q44 -> 29999.862 | S44: =IF(N44>0,H44,0) -> 57906.71 | T44: =IF(N44>0,"Con entregas","Sin entregas") -> Con entregas | U44: =I44*Resumen!$C$6+J44*Resumen!$C$7+K44*Resumen!$C$9 -> 0.9 | V44: =H44*U44 -> 52116.039 | W44: =IF(COUNTIF(I44:K44,1)>0,1,0) -> 1 | X44: =COUNTIF(I44:K44,1)/3 -> 0.66666667 | Y44: =N44 -> 0.9 | Z44: =Y44-U44 -> 0 | AA44: El porcentaje reportado puede ser aporte al avance global; no necesariamente avance interno.
A45: 05591 | B45: Puerto Triunfo | C45: Magdalena Medio | D45: Sin provincia asignada | E45: Original | F45: 37194 | G45: 37194.19 | H45: =IF(G45="",F45,G45) -> 37194.19 | I45: 1 | J45: 1 | K45: 0 | L45: 0.0107 | M45: 0.0096 | N45: =I45*Resumen!$C$6+J45*Resumen!$C$7+K45*Resumen!$C$8 -> 0.9 | O45: =H45*N45 -> 33474.771 | P45: =H45-O45 -> 3719.419 | Q45: =IF(L45>0,MIN(1,M45/L45,IF(K45=0,N45,1)),0) -> 0.89719626 | R45: =H45*Q45 -> 33370.488 | S45: =IF(N45>0,H45,0) -> 37194.19 | T45: =IF(N45>0,"Con entregas","Sin entregas") -> Con entregas | U45: =I45*Resumen!$C$6+J45*Resumen!$C$7+K45*Resumen!$C$9 -> 0.9 | V45: =H45*U45 -> 33474.771 | W45: =IF(COUNTIF(I45:K45,1)>0,1,0) -> 1 | X45: =COUNTIF(I45:K45,1)/3 -> 0.66666667 | Y45: =N45 -> 0.9 | Z45: =Y45-U45 -> 0 | AA45: El porcentaje reportado puede ser aporte al avance global; no necesariamente avance interno.
A46: 05604 | B46: Remedios | C46: Nordeste | D46: Sin provincia asignada | E46: Original | F46: 196582 | H46: =IF(G46="",F46,G46) -> 196582 | I46: 0 | J46: 0 | K46: 0 | N46: =I46*Resumen!$C$6+J46*Resumen!$C$7+K46*Resumen!$C$8 -> 0 | O46: =H46*N46 -> 0 | P46: =H46-O46 -> 196582 | Q46: =IF(L46>0,MIN(1,M46/L46,IF(K46=0,N46,1)),0) -> 0 | R46: =H46*Q46 -> 0 | S46: =IF(N46>0,H46,0) -> 0 | T46: =IF(N46>0,"Con entregas","Sin entregas") -> Sin entregas | U46: =I46*Resumen!$C$6+J46*Resumen!$C$7+K46*Resumen!$C$9 -> 0 | V46: =H46*U46 -> 0 | W46: =IF(COUNTIF(I46:K46,1)>0,1,0) -> 0 | X46: =COUNTIF(I46:K46,1)/3 -> 0 | Y46: =N46 -> 0 | Z46: =Y46-U46 -> 0 | AA46: El porcentaje reportado puede ser aporte al avance global; no necesariamente avance interno.
A47: 05647 | B47: San Andrés de Cuerquia | C47: Norte | D47: Sin provincia asignada | E47: Original | F47: 20682 | H47: =IF(G47="",F47,G47) -> 20682 | I47: 0 | J47: 0 | K47: 0 | N47: =I47*Resumen!$C$6+J47*Resumen!$C$7+K47*Resumen!$C$8 -> 0 | O47: =H47*N47 -> 0 | P47: =H47-O47 -> 20682 | Q47: =IF(L47>0,MIN(1,M47/L47,IF(K47=0,N47,1)),0) -> 0 | R47: =H47*Q47 -> 0 | S47: =IF(N47>0,H47,0) -> 0 | T47: =IF(N47>0,"Con entregas","Sin entregas") -> Sin entregas | U47: =I47*Resumen!$C$6+J47*Resumen!$C$7+K47*Resumen!$C$9 -> 0 | V47: =H47*U47 -> 0 | W47: =IF(COUNTIF(I47:K47,1)>0,1,0) -> 0 | X47: =COUNTIF(I47:K47,1)/3 -> 0 | Y47: =N47 -> 0 | Z47: =Y47-U47 -> 0 | AA47: El porcentaje reportado puede ser aporte al avance global; no necesariamente avance interno.
A48: 05658 | B48: San José de la Montaña | C48: Norte | D48: Sin provincia asignada | E48: Original | F48: 12605 | H48: =IF(G48="",F48,G48) -> 12605 | I48: 0 | J48: 0 | K48: 0 | N48: =I48*Resumen!$C$6+J48*Resumen!$C$7+K48*Resumen!$C$8 -> 0 | O48: =H48*N48 -> 0 | P48: =H48-O48 -> 12605 | Q48: =IF(L48>0,MIN(1,M48/L48,IF(K48=0,N48,1)),0) -> 0 | R48: =H48*Q48 -> 0 | S48: =IF(N48>0,H48,0) -> 0 | T48: =IF(N48>0,"Con entregas","Sin entregas") -> Sin entregas | U48: =I48*Resumen!$C$6+J48*Resumen!$C$7+K48*Resumen!$C$9 -> 0 | V48: =H48*U48 -> 0 | W48: =IF(COUNTIF(I48:K48,1)>0,1,0) -> 0 | X48: =COUNTIF(I48:K48,1)/3 -> 0 | Y48: =N48 -> 0 | Z48: =Y48-U48 -> 0 | AA48: El porcentaje reportado puede ser aporte al avance global; no necesariamente avance interno.
A49: 05659 | B49: San Juan de Urabá | C49: Urabá | D49: Sin provincia asignada | E49: Original | F49: 27208 | G49: 27208.01 | H49: =IF(G49="",F49,G49) -> 27208.01 | I49: 1 | J49: 1 | K49: 0 | L49: 0.0078 | M49: 0.007 | N49: =I49*Resumen!$C$6+J49*Resumen!$C$7+K49*Resumen!$C$8 -> 0.9 | O49: =H49*N49 -> 24487.209 | P49: =H49-O49 -> 2720.801 | Q49: =IF(L49>0,MIN(1,M49/L49,IF(K49=0,N49,1)),0) -> 0.8974359 | R49: =H49*Q49 -> 24417.445 | S49: =IF(N49>0,H49,0) -> 27208.01 | T49: =IF(N49>0,"Con entregas","Sin entregas") -> Con entregas | U49: =I49*Resumen!$C$6+J49*Resumen!$C$7+K49*Resumen!$C$9 -> 0.9 | V49: =H49*U49 -> 24487.209 | W49: =IF(COUNTIF(I49:K49,1)>0,1,0) -> 1 | X49: =COUNTIF(I49:K49,1)/3 -> 0.66666667 | Y49: =N49 -> 0.9 | Z49: =Y49-U49 -> 0 | AA49: El porcentaje reportado puede ser aporte al avance global; no necesariamente avance interno.
A50: 05665 | B50: San Pedro de Urabá | C50: Urabá | D50: Sin provincia asignada | E50: Original | F50: 70535 | H50: =IF(G50="",F50,G50) -> 70535 | I50: 0 | J50: 0 | K50: 0 | N50: =I50*Resumen!$C$6+J50*Resumen!$C$7+K50*Resumen!$C$8 -> 0 | O50: =H50*N50 -> 0 | P50: =H50-O50 -> 70535 | Q50: =IF(L50>0,MIN(1,M50/L50,IF(K50=0,N50,1)),0) -> 0 | R50: =H50*Q50 -> 0 | S50: =IF(N50>0,H50,0) -> 0 | T50: =IF(N50>0,"Con entregas","Sin entregas") -> Sin entregas | U50: =I50*Resumen!$C$6+J50*Resumen!$C$7+K50*Resumen!$C$9 -> 0 | V50: =H50*U50 -> 0 | W50: =IF(COUNTIF(I50:K50,1)>0,1,0) -> 0 | X50: =COUNTIF(I50:K50,1)/3 -> 0 | Y50: =N50 -> 0 | Z50: =Y50-U50 -> 0 | AA50: El porcentaje reportado puede ser aporte al avance global; no necesariamente avance interno.
A51: 05664 | B51: San Pedro de los Milagros | C51: Norte | D51: Sin provincia asignada | E51: Original | F51: 23361 | H51: =IF(G51="",F51,G51) -> 23361 | I51: 0 | J51: 0 | K51: 0 | N51: =I51*Resumen!$C$6+J51*Resumen!$C$7+K51*Resumen!$C$8 -> 0 | O51: =H51*N51 -> 0 | P51: =H51-O51 -> 23361 | Q51: =IF(L51>0,MIN(1,M51/L51,IF(K51=0,N51,1)),0) -> 0 | R51: =H51*Q51 -> 0 | S51: =IF(N51>0,H51,0) -> 0 | T51: =IF(N51>0,"Con entregas","Sin entregas") -> Sin entregas | U51: =I51*Resumen!$C$6+J51*Resumen!$C$7+K51*Resumen!$C$9 -> 0 | V51: =H51*U51 -> 0 | W51: =IF(COUNTIF(I51:K51,1)>0,1,0) -> 0 | X51: =COUNTIF(I51:K51,1)/3 -> 0 | Y51: =N51 -> 0 | Z51: =Y51-U51 -> 0 | AA51: El porcentaje reportado puede ser aporte al avance global; no necesariamente avance interno.
A52: 05670 | B52: San Roque | C52: Nordeste | D52: Sin provincia asignada | E52: Original | F52: 42700 | G52: 42700.2 | H52: =IF(G52="",F52,G52) -> 42700.2 | I52: 1 | J52: 0 | K52: 0 | L52: 0.0122 | M52: 0.0042 | N52: =I52*Resumen!$C$6+J52*Resumen!$C$7+K52*Resumen!$C$8 -> 0.45 | O52: =H52*N52 -> 19215.09 | P52: =H52-O52 -> 23485.11 | Q52: =IF(L52>0,MIN(1,M52/L52,IF(K52=0,N52,1)),0) -> 0.3442623 | R52: =H52*Q52 -> 14700.069 | S52: =IF(N52>0,H52,0) -> 42700.2 | T52: =IF(N52>0,"Con entregas","Sin entregas") -> Con entregas | U52: =I52*Resumen!$C$6+J52*Resumen!$C$7+K52*Resumen!$C$9 -> 0.45 | V52: =H52*U52 -> 19215.09 | W52: =IF(COUNTIF(I52:K52,1)>0,1,0) -> 1 | X52: =COUNTIF(I52:K52,1)/3 -> 0.33333333 | Y52: =N52 -> 0.45 | Z52: =Y52-U52 -> 0 | AA52: El porcentaje reportado puede ser aporte al avance global; no necesariamente avance interno.
A53: 05686 | B53: Santa Rosa de Osos | C53: Norte | D53: Sin provincia asignada | E53: Original | F53: 86571 | H53: =IF(G53="",F53,G53) -> 86571 | I53: 0 | J53: 0 | K53: 0 | N53: =I53*Resumen!$C$6+J53*Resumen!$C$7+K53*Resumen!$C$8 -> 0 | O53: =H53*N53 -> 0 | P53: =H53-O53 -> 86571 | Q53: =IF(L53>0,MIN(1,M53/L53,IF(K53=0,N53,1)),0) -> 0 | R53: =H53*Q53 -> 0 | S53: =IF(N53>0,H53,0) -> 0 | T53: =IF(N53>0,"Con entregas","Sin entregas") -> Sin entregas | U53: =I53*Resumen!$C$6+J53*Resumen!$C$7+K53*Resumen!$C$9 -> 0 | V53: =H53*U53 -> 0 | W53: =IF(COUNTIF(I53:K53,1)>0,1,0) -> 0 | X53: =COUNTIF(I53:K53,1)/3 -> 0 | Y53: =N53 -> 0 | Z53: =Y53-U53 -> 0 | AA53: El porcentaje reportado puede ser aporte al avance global; no necesariamente avance interno.
A54: 05690 | B54: Santo Domingo | C54: Nordeste | D54: Sin provincia asignada | E54: Original | F54: 26674 | H54: =IF(G54="",F54,G54) -> 26674 | I54: 0 | J54: 0 | K54: 0 | N54: =I54*Resumen!$C$6+J54*Resumen!$C$7+K54*Resumen!$C$8 -> 0 | O54: =H54*N54 -> 0 | P54: =H54-O54 -> 26674 | Q54: =IF(L54>0,MIN(1,M54/L54,IF(K54=0,N54,1)),0) -> 0 | R54: =H54*Q54 -> 0 | S54: =IF(N54>0,H54,0) -> 0 | T54: =IF(N54>0,"Con entregas","Sin entregas") -> Sin entregas | U54: =I54*Resumen!$C$6+J54*Resumen!$C$7+K54*Resumen!$C$9 -> 0 | V54: =H54*U54 -> 0 | W54: =IF(COUNTIF(I54:K54,1)>0,1,0) -> 0 | X54: =COUNTIF(I54:K54,1)/3 -> 0 | Y54: =N54 -> 0 | Z54: =Y54-U54 -> 0 | AA54: El porcentaje reportado puede ser aporte al avance global; no necesariamente avance interno.
A55: 05790 | B55: Tarazá | C55: Bajo Cauca | D55: Sin provincia asignada | E55: Original | F55: 115340 | H55: =IF(G55="",F55,G55) -> 115340 | I55: 0 | J55: 0 | K55: 0 | N55: =I55*Resumen!$C$6+J55*Resumen!$C$7+K55*Resumen!$C$8 -> 0 | O55: =H55*N55 -> 0 | P55: =H55-O55 -> 115340 | Q55: =IF(L55>0,MIN(1,M55/L55,IF(K55=0,N55,1)),0) -> 0 | R55: =H55*Q55 -> 0 | S55: =IF(N55>0,H55,0) -> 0 | T55: =IF(N55>0,"Con entregas","Sin entregas") -> Sin entregas | U55: =I55*Resumen!$C$6+J55*Resumen!$C$7+K55*Resumen!$C$9 -> 0 | V55: =H55*U55 -> 0 | W55: =IF(COUNTIF(I55:K55,1)>0,1,0) -> 0 | X55: =COUNTIF(I55:K55,1)/3 -> 0 | Y55: =N55 -> 0 | Z55: =Y55-U55 -> 0 | AA55: El porcentaje reportado puede ser aporte al avance global; no necesariamente avance interno.
A56: 05819 | B56: Toledo | C56: Norte | D56: Sin provincia asignada | E56: Original | F56: 13442 | H56: =IF(G56="",F56,G56) -> 13442 | I56: 0 | J56: 0 | K56: 0 | N56: =I56*Resumen!$C$6+J56*Resumen!$C$7+K56*Resumen!$C$8 -> 0 | O56: =H56*N56 -> 0 | P56: =H56-O56 -> 13442 | Q56: =IF(L56>0,MIN(1,M56/L56,IF(K56=0,N56,1)),0) -> 0 | R56: =H56*Q56 -> 0 | S56: =IF(N56>0,H56,0) -> 0 | T56: =IF(N56>0,"Con entregas","Sin entregas") -> Sin entregas | U56: =I56*Resumen!$C$6+J56*Resumen!$C$7+K56*Resumen!$C$9 -> 0 | V56: =H56*U56 -> 0 | W56: =IF(COUNTIF(I56:K56,1)>0,1,0) -> 0 | X56: =COUNTIF(I56:K56,1)/3 -> 0 | Y56: =N56 -> 0 | Z56: =Y56-U56 -> 0 | AA56: El porcentaje reportado puede ser aporte al avance global; no necesariamente avance interno.
A57: 05837 | B57: Turbo | C57: Urabá | D57: Sin provincia asignada | E57: Original | F57: 294751 | H57: =IF(G57="",F57,G57) -> 294751 | I57: 0 | J57: 0 | K57: 0 | N57: =I57*Resumen!$C$6+J57*Resumen!$C$7+K57*Resumen!$C$8 -> 0 | O57: =H57*N57 -> 0 | P57: =H57-O57 -> 294751 | Q57: =IF(L57>0,MIN(1,M57/L57,IF(K57=0,N57,1)),0) -> 0 | R57: =H57*Q57 -> 0 | S57: =IF(N57>0,H57,0) -> 0 | T57: =IF(N57>0,"Con entregas","Sin entregas") -> Sin entregas | U57: =I57*Resumen!$C$6+J57*Resumen!$C$7+K57*Resumen!$C$9 -> 0 | V57: =H57*U57 -> 0 | W57: =IF(COUNTIF(I57:K57,1)>0,1,0) -> 0 | X57: =COUNTIF(I57:K57,1)/3 -> 0 | Y57: =N57 -> 0 | Z57: =Y57-U57 -> 0 | AA57: El porcentaje reportado puede ser aporte al avance global; no necesariamente avance interno.
A58: 05842 | B58: Uramita | C58: Occidente | D58: Sin provincia asignada | E58: Original | F58: 26594 | H58: =IF(G58="",F58,G58) -> 26594 | I58: 0 | J58: 0 | K58: 0 | N58: =I58*Resumen!$C$6+J58*Resumen!$C$7+K58*Resumen!$C$8 -> 0 | O58: =H58*N58 -> 0 | P58: =H58-O58 -> 26594 | Q58: =IF(L58>0,MIN(1,M58/L58,IF(K58=0,N58,1)),0) -> 0 | R58: =H58*Q58 -> 0 | S58: =IF(N58>0,H58,0) -> 0 | T58: =IF(N58>0,"Con entregas","Sin entregas") -> Sin entregas | U58: =I58*Resumen!$C$6+J58*Resumen!$C$7+K58*Resumen!$C$9 -> 0 | V58: =H58*U58 -> 0 | W58: =IF(COUNTIF(I58:K58,1)>0,1,0) -> 0 | X58: =COUNTIF(I58:K58,1)/3 -> 0 | Y58: =N58 -> 0 | Z58: =Y58-U58 -> 0 | AA58: El porcentaje reportado puede ser aporte al avance global; no necesariamente avance interno.
A59: 05854 | B59: Valdivia | C59: Norte | D59: Sin provincia asignada | E59: Original | F59: 56748 | H59: =IF(G59="",F59,G59) -> 56748 | I59: 0 | J59: 0 | K59: 0 | N59: =I59*Resumen!$C$6+J59*Resumen!$C$7+K59*Resumen!$C$8 -> 0 | O59: =H59*N59 -> 0 | P59: =H59-O59 -> 56748 | Q59: =IF(L59>0,MIN(1,M59/L59,IF(K59=0,N59,1)),0) -> 0 | R59: =H59*Q59 -> 0 | S59: =IF(N59>0,H59,0) -> 0 | T59: =IF(N59>0,"Con entregas","Sin entregas") -> Sin entregas | U59: =I59*Resumen!$C$6+J59*Resumen!$C$7+K59*Resumen!$C$9 -> 0 | V59: =H59*U59 -> 0 | W59: =IF(COUNTIF(I59:K59,1)>0,1,0) -> 0 | X59: =COUNTIF(I59:K59,1)/3 -> 0 | Y59: =N59 -> 0 | Z59: =Y59-U59 -> 0 | AA59: El porcentaje reportado puede ser aporte al avance global; no necesariamente avance interno.
A60: 05887 | B60: Yarumal | C60: Norte | D60: Sin provincia asignada | E60: Original | F60: 71233 | H60: =IF(G60="",F60,G60) -> 71233 | I60: 0 | J60: 0 | K60: 0 | N60: =I60*Resumen!$C$6+J60*Resumen!$C$7+K60*Resumen!$C$8 -> 0 | O60: =H60*N60 -> 0 | P60: =H60-O60 -> 71233 | Q60: =IF(L60>0,MIN(1,M60/L60,IF(K60=0,N60,1)),0) -> 0 | R60: =H60*Q60 -> 0 | S60: =IF(N60>0,H60,0) -> 0 | T60: =IF(N60>0,"Con entregas","Sin entregas") -> Sin entregas | U60: =I60*Resumen!$C$6+J60*Resumen!$C$7+K60*Resumen!$C$9 -> 0 | V60: =H60*U60 -> 0 | W60: =IF(COUNTIF(I60:K60,1)>0,1,0) -> 0 | X60: =COUNTIF(I60:K60,1)/3 -> 0 | Y60: =N60 -> 0 | Z60: =Y60-U60 -> 0 | AA60: El porcentaje reportado puede ser aporte al avance global; no necesariamente avance interno.
A61: 05893 | B61: Yondó | C61: Magdalena Medio | D61: Sin provincia asignada | E61: Original | F61: 192222 | H61: =IF(G61="",F61,G61) -> 192222 | I61: 0 | J61: 0 | K61: 0 | N61: =I61*Resumen!$C$6+J61*Resumen!$C$7+K61*Resumen!$C$8 -> 0 | O61: =H61*N61 -> 0 | P61: =H61-O61 -> 192222 | Q61: =IF(L61>0,MIN(1,M61/L61,IF(K61=0,N61,1)),0) -> 0 | R61: =H61*Q61 -> 0 | S61: =IF(N61>0,H61,0) -> 0 | T61: =IF(N61>0,"Con entregas","Sin entregas") -> Sin entregas | U61: =I61*Resumen!$C$6+J61*Resumen!$C$7+K61*Resumen!$C$9 -> 0 | V61: =H61*U61 -> 0 | W61: =IF(COUNTIF(I61:K61,1)>0,1,0) -> 0 | X61: =COUNTIF(I61:K61,1)/3 -> 0 | Y61: =N61 -> 0 | Z61: =Y61-U61 -> 0 | AA61: El porcentaje reportado puede ser aporte al avance global; no necesariamente avance interno.
B62: TOTAL | F62: =SUM(F5:F61) -> 3489900 | G62: =SUM(G5:G61) -> 782009.99 | H62: =SUM(H5:H61) -> 3489900 | I62: =SUM(I5:I61) -> 12 | J62: =SUM(J5:J61) -> 13 | K62: =SUM(K5:K61) -> 0 | N62: =IF(H62=0,0,O62/H62) -> 0.15636668 | O62: =SUM(O5:O61) -> 545704.07 | P62: =SUM(P5:P61) -> 2944195.9 | Q62: =IF(H62=0,0,R62/H62) -> 0.14179324 | R62: =SUM(R5:R61) -> 494844.21 | S62: =SUM(S5:S61) -> 782009.99 | T62: =COUNTIF(T5:T61,"Con entregas")&" de "&COUNTA(B5:B61)&" municipios" -> 15 de 57 municipios

Sheet Urbano_2024
A1: Cartografía urbana · corte 31-dic-2024
A2: Informe de avance N°8 (dic-2024), Valor+, Contrato 24MA176H1682. Área contrato: Tablas 2-3 págs. 8-9. Entregas, importancia y % conforme: Tabla 25 págs. 44-45 (rural) y Tabla 28 págs. 51-52 (urbano). Azul = dato transcrito; negro = fórmula.
A4: Cód. DANE | B4: Municipio | C4: Región | D4: Provincia | E4: Alcance | F4: Área contrato (ha) | G4: Área según interventoría (ha) | H4: Área base (ha) | I4: Ortofoto entregada (1/0) | J4: MDT entregado (1/0) | K4: Vectorial entregado (1/0) | L4: Importancia reportada (%) | M4: % conforme reportado | N4: % avance entregado | O4: Ha equivalentes entregadas | P4: Ha pendientes | Q4: % conforme del municipio | R4: Ha equivalentes conformes | S4: Área bruta con entregas (ha) | T4: Estado | U4: Avance ponderado contractual (45/45/10) | V4: Ha equivalentes ponderadas | W4: Cobertura territorial ≥1 producto | X4: Avance por conteo simple | Y4: Porcentaje reportado por informe | Z4: Diferencia reporte-cálculo | AA4: Observación
A5: 05197 | B5: Cocorná | C5: Oriente | D5: Provincia ABT | E5: Original | F5: 87.1 | G5: 99.63 | H5: =IF(G5="",F5,G5) -> 99.63 | I5: 1 | J5: 1 | K5: 0 | L5: 0.0113 | M5: 0.0102 | N5: =I5*Resumen!$C$6+J5*Resumen!$C$7+K5*Resumen!$C$8 -> 0.9 | O5: =H5*N5 -> 89.667 | P5: =H5-O5 -> 9.963 | Q5: =IF(L5>0,MIN(1,M5/L5,IF(K5=0,N5,1)),0) -> 0.9 | R5: =H5*Q5 -> 89.667 | S5: =IF(N5>0,H5,0) -> 99.63 | T5: =IF(N5>0,"Con entregas","Sin entregas") -> Con entregas | U5: =I5*Resumen!$C$6+J5*Resumen!$C$7+K5*Resumen!$C$9 -> 0.9 | V5: =H5*U5 -> 89.667 | W5: =IF(COUNTIF(I5:K5,1)>0,1,0) -> 1 | X5: =COUNTIF(I5:K5,1)/3 -> 0.66666667 | Y5: =N5 -> 0.9 | Z5: =Y5-U5 -> 0 | AA5: El porcentaje reportado puede ser aporte al avance global; no necesariamente avance interno.
A6: 05206 | B6: Concepción | C6: Oriente | D6: Provincia ABT | E6: Original | F6: 33.8 | H6: =IF(G6="",F6,G6) -> 33.8 | I6: 0 | J6: 0 | K6: 0 | N6: =I6*Resumen!$C$6+J6*Resumen!$C$7+K6*Resumen!$C$8 -> 0 | O6: =H6*N6 -> 0 | P6: =H6-O6 -> 33.8 | Q6: =IF(L6>0,MIN(1,M6/L6,IF(K6=0,N6,1)),0) -> 0 | R6: =H6*Q6 -> 0 | S6: =IF(N6>0,H6,0) -> 0 | T6: =IF(N6>0,"Con entregas","Sin entregas") -> Sin entregas | U6: =I6*Resumen!$C$6+J6*Resumen!$C$7+K6*Resumen!$C$9 -> 0 | V6: =H6*U6 -> 0 | W6: =IF(COUNTIF(I6:K6,1)>0,1,0) -> 0 | X6: =COUNTIF(I6:K6,1)/3 -> 0 | Y6: =N6 -> 0 | Z6: =Y6-U6 -> 0 | AA6: El porcentaje reportado puede ser aporte al avance global; no necesariamente avance interno.
A7: 05649 | B7: San Carlos | C7: Oriente | D7: Provincia ABT | E7: Original | F7: 300.3 | G7: 243.43 | H7: =IF(G7="",F7,G7) -> 243.43 | I7: 1 | J7: 1 | K7: 1 | L7: 0.0277 | M7: 0.027 | N7: =I7*Resumen!$C$6+J7*Resumen!$C$7+K7*Resumen!$C$8 -> 0.9 | O7: =H7*N7 -> 219.087 | P7: =H7-O7 -> 24.343 | Q7: =IF(L7>0,MIN(1,M7/L7,IF(K7=0,N7,1)),0) -> 0.97472924 | R7: =H7*Q7 -> 237.27834 | S7: =IF(N7>0,H7,0) -> 243.43 | T7: =IF(N7>0,"Con entregas","Sin entregas") -> Con entregas | U7: =I7*Resumen!$C$6+J7*Resumen!$C$7+K7*Resumen!$C$9 -> 1 | V7: =H7*U7 -> 243.43 | W7: =IF(COUNTIF(I7:K7,1)>0,1,0) -> 1 | X7: =COUNTIF(I7:K7,1)/3 -> 1 | Y7: =N7 -> 0.9 | Z7: =Y7-U7 -> -0.1 | AA7: El porcentaje reportado puede ser aporte al avance global; no necesariamente avance interno.
A8: 05310 | B8: Gómez Plata | C8: Norte | D8: Provincia Bio-Energética del Norte | E8: Original | F8: 83.2 | H8: =IF(G8="",F8,G8) -> 83.2 | I8: 0 | J8: 0 | K8: 0 | N8: =I8*Resumen!$C$6+J8*Resumen!$C$7+K8*Resumen!$C$8 -> 0 | O8: =H8*N8 -> 0 | P8: =H8-O8 -> 83.2 | Q8: =IF(L8>0,MIN(1,M8/L8,IF(K8=0,N8,1)),0) -> 0 | R8: =H8*Q8 -> 0 | S8: =IF(N8>0,H8,0) -> 0 | T8: =IF(N8>0,"Con entregas","Sin entregas") -> Sin entregas | U8: =I8*Resumen!$C$6+J8*Resumen!$C$7+K8*Resumen!$C$9 -> 0 | V8: =H8*U8 -> 0 | W8: =IF(COUNTIF(I8:K8,1)>0,1,0) -> 0 | X8: =COUNTIF(I8:K8,1)/3 -> 0 | Y8: =N8 -> 0 | Z8: =Y8-U8 -> 0 | AA8: El porcentaje reportado puede ser aporte al avance global; no necesariamente avance interno.
A9: 05483 | B9: Nariño | C9: Oriente | D9: Provincia La Paz | E9: Original | F9: 91 | H9: =IF(G9="",F9,G9) -> 91 | I9: 0 | J9: 0 | K9: 0 | N9: =I9*Resumen!$C$6+J9*Resumen!$C$7+K9*Resumen!$C$8 -> 0 | O9: =H9*N9 -> 0 | P9: =H9-O9 -> 91 | Q9: =IF(L9>0,MIN(1,M9/L9,IF(K9=0,N9,1)),0) -> 0 | R9: =H9*Q9 -> 0 | S9: =IF(N9>0,H9,0) -> 0 | T9: =IF(N9>0,"Con entregas","Sin entregas") -> Sin entregas | U9: =I9*Resumen!$C$6+J9*Resumen!$C$7+K9*Resumen!$C$9 -> 0 | V9: =H9*U9 -> 0 | W9: =IF(COUNTIF(I9:K9,1)>0,1,0) -> 0 | X9: =COUNTIF(I9:K9,1)/3 -> 0 | Y9: =N9 -> 0 | Z9: =Y9-U9 -> 0 | AA9: El porcentaje reportado puede ser aporte al avance global; no necesariamente avance interno.
A10: 05467 | B10: Montebello | C10: Suroeste | D10: Provincia Cartama | E10: Original | F10: 63.7 | H10: =IF(G10="",F10,G10) -> 63.7 | I10: 0 | J10: 0 | K10: 0 | N10: =I10*Resumen!$C$6+J10*Resumen!$C$7+K10*Resumen!$C$8 -> 0 | O10: =H10*N10 -> 0 | P10: =H10-O10 -> 63.7 | Q10: =IF(L10>0,MIN(1,M10/L10,IF(K10=0,N10,1)),0) -> 0 | R10: =H10*Q10 -> 0 | S10: =IF(N10>0,H10,0) -> 0 | T10: =IF(N10>0,"Con entregas","Sin entregas") -> Sin entregas | U10: =I10*Resumen!$C$6+J10*Resumen!$C$7+K10*Resumen!$C$9 -> 0 | V10: =H10*U10 -> 0 | W10: =IF(COUNTIF(I10:K10,1)>0,1,0) -> 0 | X10: =COUNTIF(I10:K10,1)/3 -> 0 | Y10: =N10 -> 0 | Z10: =Y10-U10 -> 0 | AA10: El porcentaje reportado puede ser aporte al avance global; no necesariamente avance interno.
A11: 05628 | B11: Sabanalarga | C11: Occidente | D11: Provincia Occidente | E11: Original | F11: 161.2 | H11: =IF(G11="",F11,G11) -> 161.2 | I11: 0 | J11: 0 | K11: 0 | N11: =I11*Resumen!$C$6+J11*Resumen!$C$7+K11*Resumen!$C$8 -> 0 | O11: =H11*N11 -> 0 | P11: =H11-O11 -> 161.2 | Q11: =IF(L11>0,MIN(1,M11/L11,IF(K11=0,N11,1)),0) -> 0 | R11: =H11*Q11 -> 0 | S11: =IF(N11>0,H11,0) -> 0 | T11: =IF(N11>0,"Con entregas","Sin entregas") -> Sin entregas | U11: =I11*Resumen!$C$6+J11*Resumen!$C$7+K11*Resumen!$C$9 -> 0 | V11: =H11*U11 -> 0 | W11: =IF(COUNTIF(I11:K11,1)>0,1,0) -> 0 | X11: =COUNTIF(I11:K11,1)/3 -> 0 | Y11: =N11 -> 0 | Z11: =Y11-U11 -> 0 | AA11: El porcentaje reportado puede ser aporte al avance global; no necesariamente avance interno.
A12: 05656 | B12: San Jerónimo | C12: Occidente | D12: Provincia Occidente | E12: Original | F12: 331.5 | H12: =IF(G12="",F12,G12) -> 331.5 | I12: 0 | J12: 0 | K12: 0 | N12: =I12*Resumen!$C$6+J12*Resumen!$C$7+K12*Resumen!$C$8 -> 0 | O12: =H12*N12 -> 0 | P12: =H12-O12 -> 331.5 | Q12: =IF(L12>0,MIN(1,M12/L12,IF(K12=0,N12,1)),0) -> 0 | R12: =H12*Q12 -> 0 | S12: =IF(N12>0,H12,0) -> 0 | T12: =IF(N12>0,"Con entregas","Sin entregas") -> Sin entregas | U12: =I12*Resumen!$C$6+J12*Resumen!$C$7+K12*Resumen!$C$9 -> 0 | V12: =H12*U12 -> 0 | W12: =IF(COUNTIF(I12:K12,1)>0,1,0) -> 0 | X12: =COUNTIF(I12:K12,1)/3 -> 0 | Y12: =N12 -> 0 | Z12: =Y12-U12 -> 0 | AA12: El porcentaje reportado puede ser aporte al avance global; no necesariamente avance interno.
A13: 05042 | B13: Santa Fe de Antioquia | C13: Occidente | D13: Provincia Occidente | E13: Original | F13: 297.7 | G13: 371.25 | H13: =IF(G13="",F13,G13) -> 371.25 | I13: 1 | J13: 1 | K13: 1 | L13: 0.0423 | M13: 0.0413 | N13: =I13*Resumen!$C$6+J13*Resumen!$C$7+K13*Resumen!$C$8 -> 0.9 | O13: =H13*N13 -> 334.125 | P13: =H13-O13 -> 37.125 | Q13: =IF(L13>0,MIN(1,M13/L13,IF(K13=0,N13,1)),0) -> 0.97635934 | R13: =H13*Q13 -> 362.4734 | S13: =IF(N13>0,H13,0) -> 371.25 | T13: =IF(N13>0,"Con entregas","Sin entregas") -> Con entregas | U13: =I13*Resumen!$C$6+J13*Resumen!$C$7+K13*Resumen!$C$9 -> 1 | V13: =H13*U13 -> 371.25 | W13: =IF(COUNTIF(I13:K13,1)>0,1,0) -> 1 | X13: =COUNTIF(I13:K13,1)/3 -> 1 | Y13: =N13 -> 0.9 | Z13: =Y13-U13 -> -0.1 | AA13: El porcentaje reportado puede ser aporte al avance global; no necesariamente avance interno.
A14: 05736 | B14: Segovia | C14: Nordeste | D14: Provincia Minero Agroecológica | E14: Original | F14: 374.4 | H14: =IF(G14="",F14,G14) -> 374.4 | I14: 0 | J14: 0 | K14: 0 | N14: =I14*Resumen!$C$6+J14*Resumen!$C$7+K14*Resumen!$C$8 -> 0 | O14: =H14*N14 -> 0 | P14: =H14-O14 -> 374.4 | Q14: =IF(L14>0,MIN(1,M14/L14,IF(K14=0,N14,1)),0) -> 0 | R14: =H14*Q14 -> 0 | S14: =IF(N14>0,H14,0) -> 0 | T14: =IF(N14>0,"Con entregas","Sin entregas") -> Sin entregas | U14: =I14*Resumen!$C$6+J14*Resumen!$C$7+K14*Resumen!$C$9 -> 0 | V14: =H14*U14 -> 0 | W14: =IF(COUNTIF(I14:K14,1)>0,1,0) -> 0 | X14: =COUNTIF(I14:K14,1)/3 -> 0 | Y14: =N14 -> 0 | Z14: =Y14-U14 -> 0 | AA14: El porcentaje reportado puede ser aporte al avance global; no necesariamente avance interno.
A15: 05885 | B15: Yalí | C15: Nordeste | D15: Provincia Mineros | E15: Original | F15: 106.6 | H15: =IF(G15="",F15,G15) -> 106.6 | I15: 0 | J15: 0 | K15: 0 | N15: =I15*Resumen!$C$6+J15*Resumen!$C$7+K15*Resumen!$C$8 -> 0 | O15: =H15*N15 -> 0 | P15: =H15-O15 -> 106.6 | Q15: =IF(L15>0,MIN(1,M15/L15,IF(K15=0,N15,1)),0) -> 0 | R15: =H15*Q15 -> 0 | S15: =IF(N15>0,H15,0) -> 0 | T15: =IF(N15>0,"Con entregas","Sin entregas") -> Sin entregas | U15: =I15*Resumen!$C$6+J15*Resumen!$C$7+K15*Resumen!$C$9 -> 0 | V15: =H15*U15 -> 0 | W15: =IF(COUNTIF(I15:K15,1)>0,1,0) -> 0 | X15: =COUNTIF(I15:K15,1)/3 -> 0 | Y15: =N15 -> 0 | Z15: =Y15-U15 -> 0 | AA15: El porcentaje reportado puede ser aporte al avance global; no necesariamente avance interno.
A16: 05890 | B16: Yolombó | C16: Nordeste | D16: Provincia Mineros | E16: Original | F16: 263.9 | H16: =IF(G16="",F16,G16) -> 263.9 | I16: 0 | J16: 0 | K16: 0 | N16: =I16*Resumen!$C$6+J16*Resumen!$C$7+K16*Resumen!$C$8 -> 0 | O16: =H16*N16 -> 0 | P16: =H16-O16 -> 263.9 | Q16: =IF(L16>0,MIN(1,M16/L16,IF(K16=0,N16,1)),0) -> 0 | R16: =H16*Q16 -> 0 | S16: =IF(N16>0,H16,0) -> 0 | T16: =IF(N16>0,"Con entregas","Sin entregas") -> Sin entregas | U16: =I16*Resumen!$C$6+J16*Resumen!$C$7+K16*Resumen!$C$9 -> 0 | V16: =H16*U16 -> 0 | W16: =IF(COUNTIF(I16:K16,1)>0,1,0) -> 0 | X16: =COUNTIF(I16:K16,1)/3 -> 0 | Y16: =N16 -> 0 | Z16: =Y16-U16 -> 0 | AA16: El porcentaje reportado puede ser aporte al avance global; no necesariamente avance interno.
A17: 05004 | B17: Abriaquí | C17: Occidente | D17: Sin provincia asignada | E17: Original | F17: 15.6 | H17: =IF(G17="",F17,G17) -> 15.6 | I17: 0 | J17: 0 | K17: 0 | N17: =I17*Resumen!$C$6+J17*Resumen!$C$7+K17*Resumen!$C$8 -> 0 | O17: =H17*N17 -> 0 | P17: =H17-O17 -> 15.6 | Q17: =IF(L17>0,MIN(1,M17/L17,IF(K17=0,N17,1)),0) -> 0 | R17: =H17*Q17 -> 0 | S17: =IF(N17>0,H17,0) -> 0 | T17: =IF(N17>0,"Con entregas","Sin entregas") -> Sin entregas | U17: =I17*Resumen!$C$6+J17*Resumen!$C$7+K17*Resumen!$C$9 -> 0 | V17: =H17*U17 -> 0 | W17: =IF(COUNTIF(I17:K17,1)>0,1,0) -> 0 | X17: =COUNTIF(I17:K17,1)/3 -> 0 | Y17: =N17 -> 0 | Z17: =Y17-U17 -> 0 | AA17: El porcentaje reportado puede ser aporte al avance global; no necesariamente avance interno.
A18: 05038 | B18: Angostura | C18: Norte | D18: Sin provincia asignada | E18: Original | F18: 70.2 | G18: 62.56 | H18: =IF(G18="",F18,G18) -> 62.56 | I18: 1 | J18: 1 | K18: 0 | L18: 0.0071 | M18: 0.0057 | N18: =I18*Resumen!$C$6+J18*Resumen!$C$7+K18*Resumen!$C$8 -> 0.9 | O18: =H18*N18 -> 56.304 | P18: =H18-O18 -> 6.256 | Q18: =IF(L18>0,MIN(1,M18/L18,IF(K18=0,N18,1)),0) -> 0.8028169 | R18: =H18*Q18 -> 50.224225 | S18: =IF(N18>0,H18,0) -> 62.56 | T18: =IF(N18>0,"Con entregas","Sin entregas") -> Con entregas | U18: =I18*Resumen!$C$6+J18*Resumen!$C$7+K18*Resumen!$C$9 -> 0.9 | V18: =H18*U18 -> 56.304 | W18: =IF(COUNTIF(I18:K18,1)>0,1,0) -> 1 | X18: =COUNTIF(I18:K18,1)/3 -> 0.66666667 | Y18: =N18 -> 0.9 | Z18: =Y18-U18 -> 0 | AA18: El porcentaje reportado puede ser aporte al avance global; no necesariamente avance interno.
A19: 05059 | B19: Armenia | C19: Occidente | D19: Sin provincia asignada | E19: Original | F19: 22.1 | H19: =IF(G19="",F19,G19) -> 22.1 | I19: 0 | J19: 0 | K19: 0 | N19: =I19*Resumen!$C$6+J19*Resumen!$C$7+K19*Resumen!$C$8 -> 0 | O19: =H19*N19 -> 0 | P19: =H19-O19 -> 22.1 | Q19: =IF(L19>0,MIN(1,M19/L19,IF(K19=0,N19,1)),0) -> 0 | R19: =H19*Q19 -> 0 | S19: =IF(N19>0,H19,0) -> 0 | T19: =IF(N19>0,"Con entregas","Sin entregas") -> Sin entregas | U19: =I19*Resumen!$C$6+J19*Resumen!$C$7+K19*Resumen!$C$9 -> 0 | V19: =H19*U19 -> 0 | W19: =IF(COUNTIF(I19:K19,1)>0,1,0) -> 0 | X19: =COUNTIF(I19:K19,1)/3 -> 0 | Y19: =N19 -> 0 | Z19: =Y19-U19 -> 0 | AA19: El porcentaje reportado puede ser aporte al avance global; no necesariamente avance interno.
A20: 05086 | B20: Belmira | C20: Norte | D20: Sin provincia asignada | E20: Original | F20: 76.7 | G20: 96.5 | H20: =IF(G20="",F20,G20) -> 96.5 | I20: 1 | J20: 1 | K20: 0 | L20: 0.011 | M20: 0.0099 | N20: =I20*Resumen!$C$6+J20*Resumen!$C$7+K20*Resumen!$C$8 -> 0.9 | O20: =H20*N20 -> 86.85 | P20: =H20-O20 -> 9.65 | Q20: =IF(L20>0,MIN(1,M20/L20,IF(K20=0,N20,1)),0) -> 0.9 | R20: =H20*Q20 -> 86.85 | S20: =IF(N20>0,H20,0) -> 96.5 | T20: =IF(N20>0,"Con entregas","Sin entregas") -> Con entregas | U20: =I20*Resumen!$C$6+J20*Resumen!$C$7+K20*Resumen!$C$9 -> 0.9 | V20: =H20*U20 -> 86.85 | W20: =IF(COUNTIF(I20:K20,1)>0,1,0) -> 1 | X20: =COUNTIF(I20:K20,1)/3 -> 0.66666667 | Y20: =N20 -> 0.9 | Z20: =Y20-U20 -> 0 | AA20: El porcentaje reportado puede ser aporte al avance global; no necesariamente avance interno.
A21: 05113 | B21: Buriticá | C21: Occidente | D21: Sin provincia asignada | E21: Original | F21: 13 | H21: =IF(G21="",F21,G21) -> 13 | I21: 0 | J21: 0 | K21: 0 | N21: =I21*Resumen!$C$6+J21*Resumen!$C$7+K21*Resumen!$C$8 -> 0 | O21: =H21*N21 -> 0 | P21: =H21-O21 -> 13 | Q21: =IF(L21>0,MIN(1,M21/L21,IF(K21=0,N21,1)),0) -> 0 | R21: =H21*Q21 -> 0 | S21: =IF(N21>0,H21,0) -> 0 | T21: =IF(N21>0,"Con entregas","Sin entregas") -> Sin entregas | U21: =I21*Resumen!$C$6+J21*Resumen!$C$7+K21*Resumen!$C$9 -> 0 | V21: =H21*U21 -> 0 | W21: =IF(COUNTIF(I21:K21,1)>0,1,0) -> 0 | X21: =COUNTIF(I21:K21,1)/3 -> 0 | Y21: =N21 -> 0 | Z21: =Y21-U21 -> 0 | AA21: El porcentaje reportado puede ser aporte al avance global; no necesariamente avance interno.
A22: 05134 | B22: Campamento | C22: Norte | D22: Sin provincia asignada | E22: Original | F22: 57.2 | H22: =IF(G22="",F22,G22) -> 57.2 | I22: 0 | J22: 0 | K22: 0 | N22: =I22*Resumen!$C$6+J22*Resumen!$C$7+K22*Resumen!$C$8 -> 0 | O22: =H22*N22 -> 0 | P22: =H22-O22 -> 57.2 | Q22: =IF(L22>0,MIN(1,M22/L22,IF(K22=0,N22,1)),0) -> 0 | R22: =H22*Q22 -> 0 | S22: =IF(N22>0,H22,0) -> 0 | T22: =IF(N22>0,"Con entregas","Sin entregas") -> Sin entregas | U22: =I22*Resumen!$C$6+J22*Resumen!$C$7+K22*Resumen!$C$9 -> 0 | V22: =H22*U22 -> 0 | W22: =IF(COUNTIF(I22:K22,1)>0,1,0) -> 0 | X22: =COUNTIF(I22:K22,1)/3 -> 0 | Y22: =N22 -> 0 | Z22: =Y22-U22 -> 0 | AA22: El porcentaje reportado puede ser aporte al avance global; no necesariamente avance interno.
A23: 05142 | B23: Caracolí | C23: Magdalena Medio | D23: Sin provincia asignada | E23: Original | F23: 32.5 | H23: =IF(G23="",F23,G23) -> 32.5 | I23: 0 | J23: 0 | K23: 0 | N23: =I23*Resumen!$C$6+J23*Resumen!$C$7+K23*Resumen!$C$8 -> 0 | O23: =H23*N23 -> 0 | P23: =H23-O23 -> 32.5 | Q23: =IF(L23>0,MIN(1,M23/L23,IF(K23=0,N23,1)),0) -> 0 | R23: =H23*Q23 -> 0 | S23: =IF(N23>0,H23,0) -> 0 | T23: =IF(N23>0,"Con entregas","Sin entregas") -> Sin entregas | U23: =I23*Resumen!$C$6+J23*Resumen!$C$7+K23*Resumen!$C$9 -> 0 | V23: =H23*U23 -> 0 | W23: =IF(COUNTIF(I23:K23,1)>0,1,0) -> 0 | X23: =COUNTIF(I23:K23,1)/3 -> 0 | Y23: =N23 -> 0 | Z23: =Y23-U23 -> 0 | AA23: El porcentaje reportado puede ser aporte al avance global; no necesariamente avance interno.
A24: 05138 | B24: Cañasgordas | C24: Occidente | D24: Sin provincia asignada | E24: Original | F24: 107.9 | H24: =IF(G24="",F24,G24) -> 107.9 | I24: 0 | J24: 0 | K24: 0 | N24: =I24*Resumen!$C$6+J24*Resumen!$C$7+K24*Resumen!$C$8 -> 0 | O24: =H24*N24 -> 0 | P24: =H24-O24 -> 107.9 | Q24: =IF(L24>0,MIN(1,M24/L24,IF(K24=0,N24,1)),0) -> 0 | R24: =H24*Q24 -> 0 | S24: =IF(N24>0,H24,0) -> 0 | T24: =IF(N24>0,"Con entregas","Sin entregas") -> Sin entregas | U24: =I24*Resumen!$C$6+J24*Resumen!$C$7+K24*Resumen!$C$9 -> 0 | V24: =H24*U24 -> 0 | W24: =IF(COUNTIF(I24:K24,1)>0,1,0) -> 0 | X24: =COUNTIF(I24:K24,1)/3 -> 0 | Y24: =N24 -> 0 | Z24: =Y24-U24 -> 0 | AA24: El porcentaje reportado puede ser aporte al avance global; no necesariamente avance interno.
A25: 05190 | B25: Cisneros | C25: Nordeste | D25: Sin provincia asignada | E25: Original | F25: 98.8 | G25: 194.38 | H25: =IF(G25="",F25,G25) -> 194.38 | I25: 1 | J25: 1 | K25: 0 | L25: 0.0221 | M25: 0.0199 | N25: =I25*Resumen!$C$6+J25*Resumen!$C$7+K25*Resumen!$C$8 -> 0.9 | O25: =H25*N25 -> 174.942 | P25: =H25-O25 -> 19.438 | Q25: =IF(L25>0,MIN(1,M25/L25,IF(K25=0,N25,1)),0) -> 0.9 | R25: =H25*Q25 -> 174.942 | S25: =IF(N25>0,H25,0) -> 194.38 | T25: =IF(N25>0,"Con entregas","Sin entregas") -> Con entregas | U25: =I25*Resumen!$C$6+J25*Resumen!$C$7+K25*Resumen!$C$9 -> 0.9 | V25: =H25*U25 -> 174.942 | W25: =IF(COUNTIF(I25:K25,1)>0,1,0) -> 1 | X25: =COUNTIF(I25:K25,1)/3 -> 0.66666667 | Y25: =N25 -> 0.9 | Z25: =Y25-U25 -> 0 | AA25: El porcentaje reportado puede ser aporte al avance global; no necesariamente avance interno.
A26: 05120 | B26: Cáceres | C26: Bajo Cauca | D26: Sin provincia asignada | E26: Original | F26: 212.11 | H26: =IF(G26="",F26,G26) -> 212.11 | I26: 0 | J26: 0 | K26: 0 | N26: =I26*Resumen!$C$6+J26*Resumen!$C$7+K26*Resumen!$C$8 -> 0 | O26: =H26*N26 -> 0 | P26: =H26-O26 -> 212.11 | Q26: =IF(L26>0,MIN(1,M26/L26,IF(K26=0,N26,1)),0) -> 0 | R26: =H26*Q26 -> 0 | S26: =IF(N26>0,H26,0) -> 0 | T26: =IF(N26>0,"Con entregas","Sin entregas") -> Sin entregas | U26: =I26*Resumen!$C$6+J26*Resumen!$C$7+K26*Resumen!$C$9 -> 0 | V26: =H26*U26 -> 0 | W26: =IF(COUNTIF(I26:K26,1)>0,1,0) -> 0 | X26: =COUNTIF(I26:K26,1)/3 -> 0 | Y26: =N26 -> 0 | Z26: =Y26-U26 -> 0 | AA26: El porcentaje reportado puede ser aporte al avance global; no necesariamente avance interno.
A27: 05234 | B27: Dabeiba | C27: Occidente | D27: Sin provincia asignada | E27: Original | F27: 158.6 | H27: =IF(G27="",F27,G27) -> 158.6 | I27: 0 | J27: 0 | K27: 0 | N27: =I27*Resumen!$C$6+J27*Resumen!$C$7+K27*Resumen!$C$8 -> 0 | O27: =H27*N27 -> 0 | P27: =H27-O27 -> 158.6 | Q27: =IF(L27>0,MIN(1,M27/L27,IF(K27=0,N27,1)),0) -> 0 | R27: =H27*Q27 -> 0 | S27: =IF(N27>0,H27,0) -> 0 | T27: =IF(N27>0,"Con entregas","Sin entregas") -> Sin entregas | U27: =I27*Resumen!$C$6+J27*Resumen!$C$7+K27*Resumen!$C$9 -> 0 | V27: =H27*U27 -> 0 | W27: =IF(COUNTIF(I27:K27,1)>0,1,0) -> 0 | X27: =COUNTIF(I27:K27,1)/3 -> 0 | Y27: =N27 -> 0 | Z27: =Y27-U27 -> 0 | AA27: El porcentaje reportado puede ser aporte al avance global; no necesariamente avance interno.
A28: 05240 | B28: Ebéjico | C28: Occidente | D28: Sin provincia asignada | E28: Original | F28: 41.6 | H28: =IF(G28="",F28,G28) -> 41.6 | I28: 0 | J28: 0 | K28: 0 | N28: =I28*Resumen!$C$6+J28*Resumen!$C$7+K28*Resumen!$C$8 -> 0 | O28: =H28*N28 -> 0 | P28: =H28-O28 -> 41.6 | Q28: =IF(L28>0,MIN(1,M28/L28,IF(K28=0,N28,1)),0) -> 0 | R28: =H28*Q28 -> 0 | S28: =IF(N28>0,H28,0) -> 0 | T28: =IF(N28>0,"Con entregas","Sin entregas") -> Sin entregas | U28: =I28*Resumen!$C$6+J28*Resumen!$C$7+K28*Resumen!$C$9 -> 0 | V28: =H28*U28 -> 0 | W28: =IF(COUNTIF(I28:K28,1)>0,1,0) -> 0 | X28: =COUNTIF(I28:K28,1)/3 -> 0 | Y28: =N28 -> 0 | Z28: =Y28-U28 -> 0 | AA28: El porcentaje reportado puede ser aporte al avance global; no necesariamente avance interno.
A29: 05250 | B29: El Bagre | C29: Bajo Cauca | D29: Sin provincia asignada | E29: Original | F29: 1391 | G29: 1092.62 | H29: =IF(G29="",F29,G29) -> 1092.62 | I29: 1 | J29: 0 | K29: 0 | L29: 0.1244 | M29: 0.056 | N29: =I29*Resumen!$C$6+J29*Resumen!$C$7+K29*Resumen!$C$8 -> 0.45 | O29: =H29*N29 -> 491.679 | P29: =H29-O29 -> 600.941 | Q29: =IF(L29>0,MIN(1,M29/L29,IF(K29=0,N29,1)),0) -> 0.45 | R29: =H29*Q29 -> 491.679 | S29: =IF(N29>0,H29,0) -> 1092.62 | T29: =IF(N29>0,"Con entregas","Sin entregas") -> Con entregas | U29: =I29*Resumen!$C$6+J29*Resumen!$C$7+K29*Resumen!$C$9 -> 0.45 | V29: =H29*U29 -> 491.679 | W29: =IF(COUNTIF(I29:K29,1)>0,1,0) -> 1 | X29: =COUNTIF(I29:K29,1)/3 -> 0.33333333 | Y29: =N29 -> 0.45 | Z29: =Y29-U29 -> 0 | AA29: El porcentaje reportado puede ser aporte al avance global; no necesariamente avance interno.
A30: 05264 | B30: Entrerríos | C30: Norte | D30: Sin provincia asignada | E30: Original | F30: 119.6 | G30: 163.82 | H30: =IF(G30="",F30,G30) -> 163.82 | I30: 1 | J30: 1 | K30: 0 | L30: 0.0187 | M30: 0.0168 | N30: =I30*Resumen!$C$6+J30*Resumen!$C$7+K30*Resumen!$C$8 -> 0.9 | O30: =H30*N30 -> 147.438 | P30: =H30-O30 -> 16.382 | Q30: =IF(L30>0,MIN(1,M30/L30,IF(K30=0,N30,1)),0) -> 0.89839572 | R30: =H30*Q30 -> 147.17519 | S30: =IF(N30>0,H30,0) -> 163.82 | T30: =IF(N30>0,"Con entregas","Sin entregas") -> Con entregas | U30: =I30*Resumen!$C$6+J30*Resumen!$C$7+K30*Resumen!$C$9 -> 0.9 | V30: =H30*U30 -> 147.438 | W30: =IF(COUNTIF(I30:K30,1)>0,1,0) -> 1 | X30: =COUNTIF(I30:K30,1)/3 -> 0.66666667 | Y30: =N30 -> 0.9 | Z30: =Y30-U30 -> 0 | AA30: El porcentaje reportado puede ser aporte al avance global; no necesariamente avance interno.
A31: 05284 | B31: Frontino | C31: Occidente | D31: Sin provincia asignada | E31: Original | F31: 349.7 | H31: =IF(G31="",F31,G31) -> 349.7 | I31: 0 | J31: 0 | K31: 0 | N31: =I31*Resumen!$C$6+J31*Resumen!$C$7+K31*Resumen!$C$8 -> 0 | O31: =H31*N31 -> 0 | P31: =H31-O31 -> 349.7 | Q31: =IF(L31>0,MIN(1,M31/L31,IF(K31=0,N31,1)),0) -> 0 | R31: =H31*Q31 -> 0 | S31: =IF(N31>0,H31,0) -> 0 | T31: =IF(N31>0,"Con entregas","Sin entregas") -> Sin entregas | U31: =I31*Resumen!$C$6+J31*Resumen!$C$7+K31*Resumen!$C$9 -> 0 | V31: =H31*U31 -> 0 | W31: =IF(COUNTIF(I31:K31,1)>0,1,0) -> 0 | X31: =COUNTIF(I31:K31,1)/3 -> 0 | Y31: =N31 -> 0 | Z31: =Y31-U31 -> 0 | AA31: El porcentaje reportado puede ser aporte al avance global; no necesariamente avance interno.
A32: 05306 | B32: Giraldo | C32: Occidente | D32: Sin provincia asignada | E32: Original | F32: 74.1 | G32: 62.22 | H32: =IF(G32="",F32,G32) -> 62.22 | I32: 1 | J32: 0 | K32: 0 | L32: 0.0071 | M32: 0.0027 | N32: =I32*Resumen!$C$6+J32*Resumen!$C$7+K32*Resumen!$C$8 -> 0.45 | O32: =H32*N32 -> 27.999 | P32: =H32-O32 -> 34.221 | Q32: =IF(L32>0,MIN(1,M32/L32,IF(K32=0,N32,1)),0) -> 0.38028169 | R32: =H32*Q32 -> 23.661127 | S32: =IF(N32>0,H32,0) -> 62.22 | T32: =IF(N32>0,"Con entregas","Sin entregas") -> Con entregas | U32: =I32*Resumen!$C$6+J32*Resumen!$C$7+K32*Resumen!$C$9 -> 0.45 | V32: =H32*U32 -> 27.999 | W32: =IF(COUNTIF(I32:K32,1)>0,1,0) -> 1 | X32: =COUNTIF(I32:K32,1)/3 -> 0.33333333 | Y32: =N32 -> 0.45 | Z32: =Y32-U32 -> 0 | AA32: El porcentaje reportado puede ser aporte al avance global; no necesariamente avance interno.
A33: 05315 | B33: Guadalupe | C33: Norte | D33: Sin provincia asignada | E33: Original | F33: 44.2 | H33: =IF(G33="",F33,G33) -> 44.2 | I33: 0 | J33: 0 | K33: 0 | N33: =I33*Resumen!$C$6+J33*Resumen!$C$7+K33*Resumen!$C$8 -> 0 | O33: =H33*N33 -> 0 | P33: =H33-O33 -> 44.2 | Q33: =IF(L33>0,MIN(1,M33/L33,IF(K33=0,N33,1)),0) -> 0 | R33: =H33*Q33 -> 0 | S33: =IF(N33>0,H33,0) -> 0 | T33: =IF(N33>0,"Con entregas","Sin entregas") -> Sin entregas | U33: =I33*Resumen!$C$6+J33*Resumen!$C$7+K33*Resumen!$C$9 -> 0 | V33: =H33*U33 -> 0 | W33: =IF(COUNTIF(I33:K33,1)>0,1,0) -> 0 | X33: =COUNTIF(I33:K33,1)/3 -> 0 | Y33: =N33 -> 0 | Z33: =Y33-U33 -> 0 | AA33: El porcentaje reportado puede ser aporte al avance global; no necesariamente avance interno.
A34: 05347 | B34: Heliconia | C34: Occidente | D34: Sin provincia asignada | E34: Original | F34: 62.4 | H34: =IF(G34="",F34,G34) -> 62.4 | I34: 0 | J34: 0 | K34: 0 | N34: =I34*Resumen!$C$6+J34*Resumen!$C$7+K34*Resumen!$C$8 -> 0 | O34: =H34*N34 -> 0 | P34: =H34-O34 -> 62.4 | Q34: =IF(L34>0,MIN(1,M34/L34,IF(K34=0,N34,1)),0) -> 0 | R34: =H34*Q34 -> 0 | S34: =IF(N34>0,H34,0) -> 0 | T34: =IF(N34>0,"Con entregas","Sin entregas") -> Sin entregas | U34: =I34*Resumen!$C$6+J34*Resumen!$C$7+K34*Resumen!$C$9 -> 0 | V34: =H34*U34 -> 0 | W34: =IF(COUNTIF(I34:K34,1)>0,1,0) -> 0 | X34: =COUNTIF(I34:K34,1)/3 -> 0 | Y34: =N34 -> 0 | Z34: =Y34-U34 -> 0 | AA34: El porcentaje reportado puede ser aporte al avance global; no necesariamente avance interno.
A35: 05411 | B35: Liborina | C35: Occidente | D35: Sin provincia asignada | E35: Original | F35: 52 | H35: =IF(G35="",F35,G35) -> 52 | I35: 0 | J35: 0 | K35: 0 | N35: =I35*Resumen!$C$6+J35*Resumen!$C$7+K35*Resumen!$C$8 -> 0 | O35: =H35*N35 -> 0 | P35: =H35-O35 -> 52 | Q35: =IF(L35>0,MIN(1,M35/L35,IF(K35=0,N35,1)),0) -> 0 | R35: =H35*Q35 -> 0 | S35: =IF(N35>0,H35,0) -> 0 | T35: =IF(N35>0,"Con entregas","Sin entregas") -> Sin entregas | U35: =I35*Resumen!$C$6+J35*Resumen!$C$7+K35*Resumen!$C$9 -> 0 | V35: =H35*U35 -> 0 | W35: =IF(COUNTIF(I35:K35,1)>0,1,0) -> 0 | X35: =COUNTIF(I35:K35,1)/3 -> 0 | Y35: =N35 -> 0 | Z35: =Y35-U35 -> 0 | AA35: El porcentaje reportado puede ser aporte al avance global; no necesariamente avance interno.
A36: 05425 | B36: Maceo | C36: Magdalena Medio | D36: Sin provincia asignada | E36: Original | F36: 35.1 | H36: =IF(G36="",F36,G36) -> 35.1 | I36: 0 | J36: 0 | K36: 0 | N36: =I36*Resumen!$C$6+J36*Resumen!$C$7+K36*Resumen!$C$8 -> 0 | O36: =H36*N36 -> 0 | P36: =H36-O36 -> 35.1 | Q36: =IF(L36>0,MIN(1,M36/L36,IF(K36=0,N36,1)),0) -> 0 | R36: =H36*Q36 -> 0 | S36: =IF(N36>0,H36,0) -> 0 | T36: =IF(N36>0,"Con entregas","Sin entregas") -> Sin entregas | U36: =I36*Resumen!$C$6+J36*Resumen!$C$7+K36*Resumen!$C$9 -> 0 | V36: =H36*U36 -> 0 | W36: =IF(COUNTIF(I36:K36,1)>0,1,0) -> 0 | X36: =COUNTIF(I36:K36,1)/3 -> 0 | Y36: =N36 -> 0 | Z36: =Y36-U36 -> 0 | AA36: El porcentaje reportado puede ser aporte al avance global; no necesariamente avance interno.
A37: 05501 | B37: Olaya | C37: Occidente | D37: Sin provincia asignada | E37: Original | F37: 35.1 | G37: 11.21 | H37: =IF(G37="",F37,G37) -> 11.21 | I37: 1 | J37: 1 | K37: 1 | L37: 0.0013 | M37: 0.0013 | N37: =I37*Resumen!$C$6+J37*Resumen!$C$7+K37*Resumen!$C$8 -> 0.9 | O37: =H37*N37 -> 10.089 | P37: =H37-O37 -> 1.121 | Q37: =IF(L37>0,MIN(1,M37/L37,IF(K37=0,N37,1)),0) -> 1 | R37: =H37*Q37 -> 11.21 | S37: =IF(N37>0,H37,0) -> 11.21 | T37: =IF(N37>0,"Con entregas","Sin entregas") -> Con entregas | U37: =I37*Resumen!$C$6+J37*Resumen!$C$7+K37*Resumen!$C$9 -> 1 | V37: =H37*U37 -> 11.21 | W37: =IF(COUNTIF(I37:K37,1)>0,1,0) -> 1 | X37: =COUNTIF(I37:K37,1)/3 -> 1 | Y37: =N37 -> 0.9 | Z37: =Y37-U37 -> -0.1 | AA37: El porcentaje reportado puede ser aporte al avance global; no necesariamente avance interno.
A38: 05543 | B38: Peque | C38: Occidente | D38: Sin provincia asignada | E38: Original | F38: 57.2 | H38: =IF(G38="",F38,G38) -> 57.2 | I38: 0 | J38: 0 | K38: 0 | N38: =I38*Resumen!$C$6+J38*Resumen!$C$7+K38*Resumen!$C$8 -> 0 | O38: =H38*N38 -> 0 | P38: =H38-O38 -> 57.2 | Q38: =IF(L38>0,MIN(1,M38/L38,IF(K38=0,N38,1)),0) -> 0 | R38: =H38*Q38 -> 0 | S38: =IF(N38>0,H38,0) -> 0 | T38: =IF(N38>0,"Con entregas","Sin entregas") -> Sin entregas | U38: =I38*Resumen!$C$6+J38*Resumen!$C$7+K38*Resumen!$C$9 -> 0 | V38: =H38*U38 -> 0 | W38: =IF(COUNTIF(I38:K38,1)>0,1,0) -> 0 | X38: =COUNTIF(I38:K38,1)/3 -> 0 | Y38: =N38 -> 0 | Z38: =Y38-U38 -> 0 | AA38: El porcentaje reportado puede ser aporte al avance global; no necesariamente avance interno.
A39: 05579 | B39: Puerto Berrío | C39: Magdalena Medio | D39: Sin provincia asignada | E39: Original | F39: 462.8 | G39: 601.64 | H39: =IF(G39="",F39,G39) -> 601.64 | I39: 1 | J39: 1 | K39: 1 | L39: 0.0685 | M39: 0.0678 | N39: =I39*Resumen!$C$6+J39*Resumen!$C$7+K39*Resumen!$C$8 -> 0.9 | O39: =H39*N39 -> 541.476 | P39: =H39-O39 -> 60.164 | Q39: =IF(L39>0,MIN(1,M39/L39,IF(K39=0,N39,1)),0) -> 0.98978102 | R39: =H39*Q39 -> 595.49185 | S39: =IF(N39>0,H39,0) -> 601.64 | T39: =IF(N39>0,"Con entregas","Sin entregas") -> Con entregas | U39: =I39*Resumen!$C$6+J39*Resumen!$C$7+K39*Resumen!$C$9 -> 1 | V39: =H39*U39 -> 601.64 | W39: =IF(COUNTIF(I39:K39,1)>0,1,0) -> 1 | X39: =COUNTIF(I39:K39,1)/3 -> 1 | Y39: =N39 -> 0.9 | Z39: =Y39-U39 -> -0.1 | AA39: El porcentaje reportado puede ser aporte al avance global; no necesariamente avance interno.
A40: 05585 | B40: Puerto Nare | C40: Magdalena Medio | D40: Sin provincia asignada | E40: Original | F40: 227.5 | G40: 67.64 | H40: =IF(G40="",F40,G40) -> 67.64 | I40: 1 | J40: 1 | K40: 1 | L40: 0.0077 | M40: 0.007 | N40: =I40*Resumen!$C$6+J40*Resumen!$C$7+K40*Resumen!$C$8 -> 0.9 | O40: =H40*N40 -> 60.876 | P40: =H40-O40 -> 6.764 | Q40: =IF(L40>0,MIN(1,M40/L40,IF(K40=0,N40,1)),0) -> 0.90909091 | R40: =H40*Q40 -> 61.490909 | S40: =IF(N40>0,H40,0) -> 67.64 | T40: =IF(N40>0,"Con entregas","Sin entregas") -> Con entregas | U40: =I40*Resumen!$C$6+J40*Resumen!$C$7+K40*Resumen!$C$9 -> 1 | V40: =H40*U40 -> 67.64 | W40: =IF(COUNTIF(I40:K40,1)>0,1,0) -> 1 | X40: =COUNTIF(I40:K40,1)/3 -> 1 | Y40: =N40 -> 0.9 | Z40: =Y40-U40 -> -0.1 | AA40: El porcentaje reportado puede ser aporte al avance global; no necesariamente avance interno.
A41: 05591 | B41: Puerto Triunfo | C41: Magdalena Medio | D41: Sin provincia asignada | E41: Original | F41: 248.3 | G41: 109.35 | H41: =IF(G41="",F41,G41) -> 109.35 | I41: 1 | J41: 1 | K41: 1 | L41: 0.0125 | M41: 0.0125 | N41: =I41*Resumen!$C$6+J41*Resumen!$C$7+K41*Resumen!$C$8 -> 0.9 | O41: =H41*N41 -> 98.415 | P41: =H41-O41 -> 10.935 | Q41: =IF(L41>0,MIN(1,M41/L41,IF(K41=0,N41,1)),0) -> 1 | R41: =H41*Q41 -> 109.35 | S41: =IF(N41>0,H41,0) -> 109.35 | T41: =IF(N41>0,"Con entregas","Sin entregas") -> Con entregas | U41: =I41*Resumen!$C$6+J41*Resumen!$C$7+K41*Resumen!$C$9 -> 1 | V41: =H41*U41 -> 109.35 | W41: =IF(COUNTIF(I41:K41,1)>0,1,0) -> 1 | X41: =COUNTIF(I41:K41,1)/3 -> 1 | Y41: =N41 -> 0.9 | Z41: =Y41-U41 -> -0.1 | AA41: El porcentaje reportado puede ser aporte al avance global; no necesariamente avance interno.
A42: 05604 | B42: Remedios | C42: Nordeste | D42: Sin provincia asignada | E42: Original | F42: 379.6 | G42: 325.63 | H42: =IF(G42="",F42,G42) -> 325.63 | I42: 1 | J42: 0 | K42: 0 | L42: 0.0371 | M42: 0.015 | N42: =I42*Resumen!$C$6+J42*Resumen!$C$7+K42*Resumen!$C$8 -> 0.45 | O42: =H42*N42 -> 146.5335 | P42: =H42-O42 -> 179.0965 | Q42: =IF(L42>0,MIN(1,M42/L42,IF(K42=0,N42,1)),0) -> 0.40431267 | R42: =H42*Q42 -> 131.65633 | S42: =IF(N42>0,H42,0) -> 325.63 | T42: =IF(N42>0,"Con entregas","Sin entregas") -> Con entregas | U42: =I42*Resumen!$C$6+J42*Resumen!$C$7+K42*Resumen!$C$9 -> 0.45 | V42: =H42*U42 -> 146.5335 | W42: =IF(COUNTIF(I42:K42,1)>0,1,0) -> 1 | X42: =COUNTIF(I42:K42,1)/3 -> 0.33333333 | Y42: =N42 -> 0.45 | Z42: =Y42-U42 -> 0 | AA42: El porcentaje reportado puede ser aporte al avance global; no necesariamente avance interno.
A43: 05647 | B43: San Andrés de Cuerquia | C43: Norte | D43: Sin provincia asignada | E43: Original | F43: 50.7 | H43: =IF(G43="",F43,G43) -> 50.7 | I43: 0 | J43: 0 | K43: 0 | N43: =I43*Resumen!$C$6+J43*Resumen!$C$7+K43*Resumen!$C$8 -> 0 | O43: =H43*N43 -> 0 | P43: =H43-O43 -> 50.7 | Q43: =IF(L43>0,MIN(1,M43/L43,IF(K43=0,N43,1)),0) -> 0 | R43: =H43*Q43 -> 0 | S43: =IF(N43>0,H43,0) -> 0 | T43: =IF(N43>0,"Con entregas","Sin entregas") -> Sin entregas | U43: =I43*Resumen!$C$6+J43*Resumen!$C$7+K43*Resumen!$C$9 -> 0 | V43: =H43*U43 -> 0 | W43: =IF(COUNTIF(I43:K43,1)>0,1,0) -> 0 | X43: =COUNTIF(I43:K43,1)/3 -> 0 | Y43: =N43 -> 0 | Z43: =Y43-U43 -> 0 | AA43: El porcentaje reportado puede ser aporte al avance global; no necesariamente avance interno.
A44: 05659 | B44: San Juan de Urabá | C44: Urabá | D44: Sin provincia asignada | E44: Original | F44: 65 | G44: 147.38 | H44: =IF(G44="",F44,G44) -> 147.38 | I44: 1 | J44: 1 | K44: 0 | L44: 0.0168 | M44: 0.0151 | N44: =I44*Resumen!$C$6+J44*Resumen!$C$7+K44*Resumen!$C$8 -> 0.9 | O44: =H44*N44 -> 132.642 | P44: =H44-O44 -> 14.738 | Q44: =IF(L44>0,MIN(1,M44/L44,IF(K44=0,N44,1)),0) -> 0.89880952 | R44: =H44*Q44 -> 132.46655 | S44: =IF(N44>0,H44,0) -> 147.38 | T44: =IF(N44>0,"Con entregas","Sin entregas") -> Con entregas | U44: =I44*Resumen!$C$6+J44*Resumen!$C$7+K44*Resumen!$C$9 -> 0.9 | V44: =H44*U44 -> 132.642 | W44: =IF(COUNTIF(I44:K44,1)>0,1,0) -> 1 | X44: =COUNTIF(I44:K44,1)/3 -> 0.66666667 | Y44: =N44 -> 0.9 | Z44: =Y44-U44 -> 0 | AA44: El porcentaje reportado puede ser aporte al avance global; no necesariamente avance interno.
A45: 05664 | B45: San Pedro de los Milagros | C45: Norte | D45: Sin provincia asignada | E45: Original | F45: 240.5 | G45: 235.7 | H45: =IF(G45="",F45,G45) -> 235.7 | I45: 1 | J45: 1 | K45: 0 | L45: 0.0268 | M45: 0.0242 | N45: =I45*Resumen!$C$6+J45*Resumen!$C$7+K45*Resumen!$C$8 -> 0.9 | O45: =H45*N45 -> 212.13 | P45: =H45-O45 -> 23.57 | Q45: =IF(L45>0,MIN(1,M45/L45,IF(K45=0,N45,1)),0) -> 0.9 | R45: =H45*Q45 -> 212.13 | S45: =IF(N45>0,H45,0) -> 235.7 | T45: =IF(N45>0,"Con entregas","Sin entregas") -> Con entregas | U45: =I45*Resumen!$C$6+J45*Resumen!$C$7+K45*Resumen!$C$9 -> 0.9 | V45: =H45*U45 -> 212.13 | W45: =IF(COUNTIF(I45:K45,1)>0,1,0) -> 1 | X45: =COUNTIF(I45:K45,1)/3 -> 0.66666667 | Y45: =N45 -> 0.9 | Z45: =Y45-U45 -> 0 | AA45: El porcentaje reportado puede ser aporte al avance global; no necesariamente avance interno.
A46: 05670 | B46: San Roque | C46: Nordeste | D46: Sin provincia asignada | E46: Original | F46: 128.7 | G46: 83.18 | H46: =IF(G46="",F46,G46) -> 83.18 | I46: 1 | J46: 0 | K46: 0 | L46: 0.0095 | M46: 0.0006 | N46: =I46*Resumen!$C$6+J46*Resumen!$C$7+K46*Resumen!$C$8 -> 0.45 | O46: =H46*N46 -> 37.431 | P46: =H46-O46 -> 45.749 | Q46: =IF(L46>0,MIN(1,M46/L46,IF(K46=0,N46,1)),0) -> 0.063157895 | R46: =H46*Q46 -> 5.2534737 | S46: =IF(N46>0,H46,0) -> 83.18 | T46: =IF(N46>0,"Con entregas","Sin entregas") -> Con entregas | U46: =I46*Resumen!$C$6+J46*Resumen!$C$7+K46*Resumen!$C$9 -> 0.45 | V46: =H46*U46 -> 37.431 | W46: =IF(COUNTIF(I46:K46,1)>0,1,0) -> 1 | X46: =COUNTIF(I46:K46,1)/3 -> 0.33333333 | Y46: =N46 -> 0.45 | Z46: =Y46-U46 -> 0 | AA46: El porcentaje reportado puede ser aporte al avance global; no necesariamente avance interno.
A47: 05686 | B47: Santa Rosa de Osos | C47: Norte | D47: Sin provincia asignada | E47: Original | F47: 704.6 | G47: 584.66 | H47: =IF(G47="",F47,G47) -> 584.66 | I47: 1 | J47: 1 | K47: 0 | L47: 0.0666 | M47: 0.0599 | N47: =I47*Resumen!$C$6+J47*Resumen!$C$7+K47*Resumen!$C$8 -> 0.9 | O47: =H47*N47 -> 526.194 | P47: =H47-O47 -> 58.466 | Q47: =IF(L47>0,MIN(1,M47/L47,IF(K47=0,N47,1)),0) -> 0.8993994 | R47: =H47*Q47 -> 525.84285 | S47: =IF(N47>0,H47,0) -> 584.66 | T47: =IF(N47>0,"Con entregas","Sin entregas") -> Con entregas | U47: =I47*Resumen!$C$6+J47*Resumen!$C$7+K47*Resumen!$C$9 -> 0.9 | V47: =H47*U47 -> 526.194 | W47: =IF(COUNTIF(I47:K47,1)>0,1,0) -> 1 | X47: =COUNTIF(I47:K47,1)/3 -> 0.66666667 | Y47: =N47 -> 0.9 | Z47: =Y47-U47 -> 0 | AA47: El porcentaje reportado puede ser aporte al avance global; no necesariamente avance interno.
A48: 05690 | B48: Santo Domingo | C48: Nordeste | D48: Sin provincia asignada | E48: Original | F48: 98.8 | H48: =IF(G48="",F48,G48) -> 98.8 | I48: 0 | J48: 0 | K48: 0 | N48: =I48*Resumen!$C$6+J48*Resumen!$C$7+K48*Resumen!$C$8 -> 0 | O48: =H48*N48 -> 0 | P48: =H48-O48 -> 98.8 | Q48: =IF(L48>0,MIN(1,M48/L48,IF(K48=0,N48,1)),0) -> 0 | R48: =H48*Q48 -> 0 | S48: =IF(N48>0,H48,0) -> 0 | T48: =IF(N48>0,"Con entregas","Sin entregas") -> Sin entregas | U48: =I48*Resumen!$C$6+J48*Resumen!$C$7+K48*Resumen!$C$9 -> 0 | V48: =H48*U48 -> 0 | W48: =IF(COUNTIF(I48:K48,1)>0,1,0) -> 0 | X48: =COUNTIF(I48:K48,1)/3 -> 0 | Y48: =N48 -> 0 | Z48: =Y48-U48 -> 0 | AA48: El porcentaje reportado puede ser aporte al avance global; no necesariamente avance interno.
A49: 05819 | B49: Toledo | C49: Norte | D49: Sin provincia asignada | E49: Original | F49: 31.2 | H49: =IF(G49="",F49,G49) -> 31.2 | I49: 0 | J49: 0 | K49: 0 | N49: =I49*Resumen!$C$6+J49*Resumen!$C$7+K49*Resumen!$C$8 -> 0 | O49: =H49*N49 -> 0 | P49: =H49-O49 -> 31.2 | Q49: =IF(L49>0,MIN(1,M49/L49,IF(K49=0,N49,1)),0) -> 0 | R49: =H49*Q49 -> 0 | S49: =IF(N49>0,H49,0) -> 0 | T49: =IF(N49>0,"Con entregas","Sin entregas") -> Sin entregas | U49: =I49*Resumen!$C$6+J49*Resumen!$C$7+K49*Resumen!$C$9 -> 0 | V49: =H49*U49 -> 0 | W49: =IF(COUNTIF(I49:K49,1)>0,1,0) -> 0 | X49: =COUNTIF(I49:K49,1)/3 -> 0 | Y49: =N49 -> 0 | Z49: =Y49-U49 -> 0 | AA49: El porcentaje reportado puede ser aporte al avance global; no necesariamente avance interno.
A50: 05842 | B50: Uramita | C50: Occidente | D50: Sin provincia asignada | E50: Original | F50: 33.8 | H50: =IF(G50="",F50,G50) -> 33.8 | I50: 0 | J50: 0 | K50: 0 | N50: =I50*Resumen!$C$6+J50*Resumen!$C$7+K50*Resumen!$C$8 -> 0 | O50: =H50*N50 -> 0 | P50: =H50-O50 -> 33.8 | Q50: =IF(L50>0,MIN(1,M50/L50,IF(K50=0,N50,1)),0) -> 0 | R50: =H50*Q50 -> 0 | S50: =IF(N50>0,H50,0) -> 0 | T50: =IF(N50>0,"Con entregas","Sin entregas") -> Sin entregas | U50: =I50*Resumen!$C$6+J50*Resumen!$C$7+K50*Resumen!$C$9 -> 0 | V50: =H50*U50 -> 0 | W50: =IF(COUNTIF(I50:K50,1)>0,1,0) -> 0 | X50: =COUNTIF(I50:K50,1)/3 -> 0 | Y50: =N50 -> 0 | Z50: =Y50-U50 -> 0 | AA50: El porcentaje reportado puede ser aporte al avance global; no necesariamente avance interno.
A51: 05887 | B51: Yarumal | C51: Norte | D51: Sin provincia asignada | E51: Original | F51: 345.8 | G51: 280.66 | H51: =IF(G51="",F51,G51) -> 280.66 | I51: 1 | J51: 1 | K51: 0 | L51: 0.032 | M51: 0.0288 | N51: =I51*Resumen!$C$6+J51*Resumen!$C$7+K51*Resumen!$C$8 -> 0.9 | O51: =H51*N51 -> 252.594 | P51: =H51-O51 -> 28.066 | Q51: =IF(L51>0,MIN(1,M51/L51,IF(K51=0,N51,1)),0) -> 0.9 | R51: =H51*Q51 -> 252.594 | S51: =IF(N51>0,H51,0) -> 280.66 | T51: =IF(N51>0,"Con entregas","Sin entregas") -> Con entregas | U51: =I51*Resumen!$C$6+J51*Resumen!$C$7+K51*Resumen!$C$9 -> 0.9 | V51: =H51*U51 -> 252.594 | W51: =IF(COUNTIF(I51:K51,1)>0,1,0) -> 1 | X51: =COUNTIF(I51:K51,1)/3 -> 0.66666667 | Y51: =N51 -> 0.9 | Z51: =Y51-U51 -> 0 | AA51: El porcentaje reportado puede ser aporte al avance global; no necesariamente avance interno.
A52: 05893 | B52: Yondó | C52: Magdalena Medio | D52: Sin provincia asignada | E52: Original | F52: 366.6 | G52: 315.47 | H52: =IF(G52="",F52,G52) -> 315.47 | I52: 1 | J52: 1 | K52: 0 | L52: 0.0359 | M52: 0.0323 | N52: =I52*Resumen!$C$6+J52*Resumen!$C$7+K52*Resumen!$C$8 -> 0.9 | O52: =H52*N52 -> 283.923 | P52: =H52-O52 -> 31.547 | Q52: =IF(L52>0,MIN(1,M52/L52,IF(K52=0,N52,1)),0) -> 0.89972145 | R52: =H52*Q52 -> 283.83513 | S52: =IF(N52>0,H52,0) -> 315.47 | T52: =IF(N52>0,"Con entregas","Sin entregas") -> Con entregas | U52: =I52*Resumen!$C$6+J52*Resumen!$C$7+K52*Resumen!$C$9 -> 0.9 | V52: =H52*U52 -> 283.923 | W52: =IF(COUNTIF(I52:K52,1)>0,1,0) -> 1 | X52: =COUNTIF(I52:K52,1)/3 -> 0.66666667 | Y52: =N52 -> 0.9 | Z52: =Y52-U52 -> 0 | AA52: El porcentaje reportado puede ser aporte al avance global; no necesariamente avance interno.
A53: 05895 | B53: Zaragoza | C53: Bajo Cauca | D53: Sin provincia asignada | E53: Original | F53: 204.1 | H53: =IF(G53="",F53,G53) -> 204.1 | I53: 0 | J53: 0 | K53: 0 | N53: =I53*Resumen!$C$6+J53*Resumen!$C$7+K53*Resumen!$C$8 -> 0 | O53: =H53*N53 -> 0 | P53: =H53-O53 -> 204.1 | Q53: =IF(L53>0,MIN(1,M53/L53,IF(K53=0,N53,1)),0) -> 0 | R53: =H53*Q53 -> 0 | S53: =IF(N53>0,H53,0) -> 0 | T53: =IF(N53>0,"Con entregas","Sin entregas") -> Sin entregas | U53: =I53*Resumen!$C$6+J53*Resumen!$C$7+K53*Resumen!$C$9 -> 0 | V53: =H53*U53 -> 0 | W53: =IF(COUNTIF(I53:K53,1)>0,1,0) -> 0 | X53: =COUNTIF(I53:K53,1)/3 -> 0 | Y53: =N53 -> 0 | Z53: =Y53-U53 -> 0 | AA53: El porcentaje reportado puede ser aporte al avance global; no necesariamente avance interno.
B54: TOTAL | F54: =SUM(F5:F53) -> 8909.11 | G54: =SUM(G5:G53) -> 5148.93 | H54: =SUM(H5:H53) -> 8338.04 | I54: =SUM(I5:I53) -> 20 | J54: =SUM(J5:J53) -> 16 | K54: =SUM(K5:K53) -> 6 | N54: =IF(H54=0,0,O54/H54) -> 0.4713811 | O54: =SUM(O5:O53) -> 3930.3945 | P54: =SUM(P5:P53) -> 4407.6455 | Q54: =IF(H54=0,0,R54/H54) -> 0.47796261 | R54: =SUM(R5:R53) -> 3985.2714 | S54: =SUM(S5:S53) -> 5148.93 | T54: =COUNTIF(T5:T53,"Con entregas")&" de "&COUNTA(B5:B53)&" municipios" -> 20 de 49 municipios

Sheet Rural_2025
A1: Cartografía rural · corte dic-2025
A2: Informe N°20 (corte dic-2025; fechado 9-ene-2026). Áreas: Tablas 2-3 y Tabla 25 (Fase II) p.64. Marcas: ver columna Evidencia. Amarillo = el informe NO desagrega el dato por municipio; mínimo/máximo reparten las entregas reportadas entre esas celdas (menor / mayor área).
A4: Cód. DANE | B4: Municipio | C4: Región | D4: Provincia | E4: Alcance | F4: Área contrato (ha) | G4: Área según interventoría (ha) | H4: Área base (ha) | I4: Ortofoto entregada (1/0; vacío = sin dato) | J4: MDT entregado (1/0; vacío = sin dato) | K4: Vectorial entregado (1/0; vacío = sin dato) | L4: Evidencia de las marcas | M4: % avance entregado MÍNIMO (compatible con conteos reportados) | N4: % avance entregado MÁXIMO (compatible con conteos reportados) | O4: Ha equiv. entregadas MÍNIMO | P4: Ha equiv. entregadas MÁXIMO | Q4: IGAC · Ortofoto | R4: IGAC · MDT | S4: IGAC · Vectorial | T4: Observación IGAC / nota | U4: Ha equiv. OFICIALES (IGAC) | V4: Estado | W4: AUX Ortofoto: rango ↑ área | X4: AUX Ortofoto: rango ↓ área | Y4: AUX Ortofoto: marca mín | Z4: AUX Ortofoto: marca máx | AA4: AUX MDT: rango ↑ área | AB4: AUX MDT: rango ↓ área | AC4: AUX MDT: marca mín | AD4: AUX MDT: marca máx | AE4: AUX Vectorial: rango ↑ área | AF4: AUX Vectorial: rango ↓ área | AG4: AUX Vectorial: marca mín | AH4: AUX Vectorial: marca máx
A5: 05197 | B5: Cocorná | C5: Oriente | D5: Provincia ABT | E5: Original | F5: 24405 | G5: 24404.89 | H5: =IF(G5="",F5,G5) -> 24404.89 | I5: 1 | J5: 1 | K5: 1 | L5: ORT entregado desde dic-24; MDT entregado desde dic-24; GDB radicado IGAC (T31 p.72) | M5: =Y5*Resumen!$C$6+AC5*Resumen!$C$7+AG5*Resumen!$C$9 -> 1 | N5: =Z5*Resumen!$C$6+AD5*Resumen!$C$7+AH5*Resumen!$C$9 -> 1 | O5: =H5*M5 -> 24404.89 | P5: =H5*N5 -> 24404.89 | Q5: Radicado IGAC | R5: Radicado IGAC | S5: Radicado IGAC | T5: Aprobado FC, MDT no conforme | U5: =H5*((Q5="Oficial")*Resumen!$C$6+(R5="Oficial")*Resumen!$C$7+(S5="Oficial")*Resumen!$C$9) -> 0 | V5: =IF(COUNTIF(I5:K5,1)>0,"Con entregas verificadas",IF(COUNTBLANK(I5:K5)>0,"Sin evidencia municipal","Sin entregas")) -> Con entregas verificadas | W5: =IF(I5="",SUMPRODUCT(($I$5:$I$69="")*($H$5:$H$69<H5))+SUMPRODUCT((I$5:I5="")*($H$5:H5=H5)),"") | X5: =IF(I5="",SUMPRODUCT(($I$5:$I$69="")*($H$5:$H$69>H5))+SUMPRODUCT((I$5:I5="")*($H$5:H5=H5)),"") | Y5: =IF(I5="",IF(W5<=$I$73,1,0),I5) -> 1 | Z5: =IF(I5="",IF(X5<=$I$73,1,0),I5) -> 1 | AA5: =IF(J5="",SUMPRODUCT(($J$5:$J$69="")*($H$5:$H$69<H5))+SUMPRODUCT((J$5:J5="")*($H$5:H5=H5)),"") | AB5: =IF(J5="",SUMPRODUCT(($J$5:$J$69="")*($H$5:$H$69>H5))+SUMPRODUCT((J$5:J5="")*($H$5:H5=H5)),"") | AC5: =IF(J5="",IF(AA5<=$J$73,1,0),J5) -> 1 | AD5: =IF(J5="",IF(AB5<=$J$73,1,0),J5) -> 1 | AE5: =IF(K5="",SUMPRODUCT(($K$5:$K$69="")*($H$5:$H$69<H5))+SUMPRODUCT((K$5:K5="")*($H$5:H5=H5)),"") | AF5: =IF(K5="",SUMPRODUCT(($K$5:$K$69="")*($H$5:$H$69>H5))+SUMPRODUCT((K$5:K5="")*($H$5:H5=H5)),"") | AG5: =IF(K5="",IF(AE5<=$K$73,1,0),K5) -> 1 | AH5: =IF(K5="",IF(AF5<=$K$73,1,0),K5) -> 1
A6: 05206 | B6: Concepción | C6: Oriente | D6: Provincia ABT | E6: Original | F6: 20260 | H6: =IF(G6="",F6,G6) -> 20260 | K6: 0 | L6: GDB atrasado (Fig.2 p.73) | M6: =Y6*Resumen!$C$6+AC6*Resumen!$C$7+AG6*Resumen!$C$9 -> 0.9 | N6: =Z6*Resumen!$C$6+AD6*Resumen!$C$7+AH6*Resumen!$C$9 -> 0 | O6: =H6*M6 -> 18234 | P6: =H6*N6 -> 0 | U6: =H6*((Q6="Oficial")*Resumen!$C$6+(R6="Oficial")*Resumen!$C$7+(S6="Oficial")*Resumen!$C$9) -> 0 | V6: =IF(COUNTIF(I6:K6,1)>0,"Con entregas verificadas",IF(COUNTBLANK(I6:K6)>0,"Sin evidencia municipal","Sin entregas")) -> Sin evidencia municipal | W6: =IF(I6="",SUMPRODUCT(($I$5:$I$69="")*($H$5:$H$69<H6))+SUMPRODUCT((I$5:I6="")*($H$5:H6=H6)),"") -> 7 | X6: =IF(I6="",SUMPRODUCT(($I$5:$I$69="")*($H$5:$H$69>H6))+SUMPRODUCT((I$5:I6="")*($H$5:H6=H6)),"") -> 42 | Y6: =IF(I6="",IF(W6<=$I$73,1,0),I6) -> 1 | Z6: =IF(I6="",IF(X6<=$I$73,1,0),I6) -> 0 | AA6: =IF(J6="",SUMPRODUCT(($J$5:$J$69="")*($H$5:$H$69<H6))+SUMPRODUCT((J$5:J6="")*($H$5:H6=H6)),"") -> 7 | AB6: =IF(J6="",SUMPRODUCT(($J$5:$J$69="")*($H$5:$H$69>H6))+SUMPRODUCT((J$5:J6="")*($H$5:H6=H6)),"") -> 42 | AC6: =IF(J6="",IF(AA6<=$J$73,1,0),J6) -> 1 | AD6: =IF(J6="",IF(AB6<=$J$73,1,0),J6) -> 0 | AE6: =IF(K6="",SUMPRODUCT(($K$5:$K$69="")*($H$5:$H$69<H6))+SUMPRODUCT((K$5:K6="")*($H$5:H6=H6)),"") | AF6: =IF(K6="",SUMPRODUCT(($K$5:$K$69="")*($H$5:$H$69>H6))+SUMPRODUCT((K$5:K6="")*($H$5:H6=H6)),"") | AG6: =IF(K6="",IF(AE6<=$K$73,1,0),K6) -> 0 | AH6: =IF(K6="",IF(AF6<=$K$73,1,0),K6) -> 0
A7: 05649 | B7: San Carlos | C7: Oriente | D7: Provincia ABT | E7: Original | F7: 72395 | G7: 72394.57 | H7: =IF(G7="",F7,G7) -> 72394.57 | I7: 1 | J7: 1 | K7: 1 | L7: ORT entregado desde dic-24; MDT entregado desde dic-24; GDB radicado IGAC (T31 p.72) | M7: =Y7*Resumen!$C$6+AC7*Resumen!$C$7+AG7*Resumen!$C$9 -> 1 | N7: =Z7*Resumen!$C$6+AD7*Resumen!$C$7+AH7*Resumen!$C$9 -> 1 | O7: =H7*M7 -> 72394.57 | P7: =H7*N7 -> 72394.57 | Q7: Radicado IGAC | R7: Radicado IGAC | S7: Radicado IGAC | T7: Radicado nuevamente al IGAC | U7: =H7*((Q7="Oficial")*Resumen!$C$6+(R7="Oficial")*Resumen!$C$7+(S7="Oficial")*Resumen!$C$9) -> 0 | V7: =IF(COUNTIF(I7:K7,1)>0,"Con entregas verificadas",IF(COUNTBLANK(I7:K7)>0,"Sin evidencia municipal","Sin entregas")) -> Con entregas verificadas | W7: =IF(I7="",SUMPRODUCT(($I$5:$I$69="")*($H$5:$H$69<H7))+SUMPRODUCT((I$5:I7="")*($H$5:H7=H7)),"") | X7: =IF(I7="",SUMPRODUCT(($I$5:$I$69="")*($H$5:$H$69>H7))+SUMPRODUCT((I$5:I7="")*($H$5:H7=H7)),"") | Y7: =IF(I7="",IF(W7<=$I$73,1,0),I7) -> 1 | Z7: =IF(I7="",IF(X7<=$I$73,1,0),I7) -> 1 | AA7: =IF(J7="",SUMPRODUCT(($J$5:$J$69="")*($H$5:$H$69<H7))+SUMPRODUCT((J$5:J7="")*($H$5:H7=H7)),"") | AB7: =IF(J7="",SUMPRODUCT(($J$5:$J$69="")*($H$5:$H$69>H7))+SUMPRODUCT((J$5:J7="")*($H$5:H7=H7)),"") | AC7: =IF(J7="",IF(AA7<=$J$73,1,0),J7) -> 1 | AD7: =IF(J7="",IF(AB7<=$J$73,1,0),J7) -> 1 | AE7: =IF(K7="",SUMPRODUCT(($K$5:$K$69="")*($H$5:$H$69<H7))+SUMPRODUCT((K$5:K7="")*($H$5:H7=H7)),"") | AF7: =IF(K7="",SUMPRODUCT(($K$5:$K$69="")*($H$5:$H$69>H7))+SUMPRODUCT((K$5:K7="")*($H$5:H7=H7)),"") | AG7: =IF(K7="",IF(AE7<=$K$73,1,0),K7) -> 1 | AH7: =IF(K7="",IF(AF7<=$K$73,1,0),K7) -> 1
A8: 05652 | B8: San Francisco | C8: Oriente | D8: Provincia ABT | E8: Original | F8: 35717 | H8: =IF(G8="",F8,G8) -> 35717 | I8: 0 | J8: 0 | L8: ORT atrasado (Fig.2 p.73); MDT atrasado (Fig.2 p.73) | M8: =Y8*Resumen!$C$6+AC8*Resumen!$C$7+AG8*Resumen!$C$9 -> 0.1 | N8: =Z8*Resumen!$C$6+AD8*Resumen!$C$7+AH8*Resumen!$C$9 -> 0 | O8: =H8*M8 -> 3571.7 | P8: =H8*N8 -> 0 | U8: =H8*((Q8="Oficial")*Resumen!$C$6+(R8="Oficial")*Resumen!$C$7+(S8="Oficial")*Resumen!$C$9) -> 0 | V8: =IF(COUNTIF(I8:K8,1)>0,"Con entregas verificadas",IF(COUNTBLANK(I8:K8)>0,"Sin evidencia municipal","Sin entregas")) -> Sin evidencia municipal | W8: =IF(I8="",SUMPRODUCT(($I$5:$I$69="")*($H$5:$H$69<H8))+SUMPRODUCT((I$5:I8="")*($H$5:H8=H8)),"") | X8: =IF(I8="",SUMPRODUCT(($I$5:$I$69="")*($H$5:$H$69>H8))+SUMPRODUCT((I$5:I8="")*($H$5:H8=H8)),"") | Y8: =IF(I8="",IF(W8<=$I$73,1,0),I8) -> 0 | Z8: =IF(I8="",IF(X8<=$I$73,1,0),I8) -> 0 | AA8: =IF(J8="",SUMPRODUCT(($J$5:$J$69="")*($H$5:$H$69<H8))+SUMPRODUCT((J$5:J8="")*($H$5:H8=H8)),"") | AB8: =IF(J8="",SUMPRODUCT(($J$5:$J$69="")*($H$5:$H$69>H8))+SUMPRODUCT((J$5:J8="")*($H$5:H8=H8)),"") | AC8: =IF(J8="",IF(AA8<=$J$73,1,0),J8) -> 0 | AD8: =IF(J8="",IF(AB8<=$J$73,1,0),J8) -> 0 | AE8: =IF(K8="",SUMPRODUCT(($K$5:$K$69="")*($H$5:$H$69<H8))+SUMPRODUCT((K$5:K8="")*($H$5:H8=H8)),"") -> 13 | AF8: =IF(K8="",SUMPRODUCT(($K$5:$K$69="")*($H$5:$H$69>H8))+SUMPRODUCT((K$5:K8="")*($H$5:H8=H8)),"") -> 27 | AG8: =IF(K8="",IF(AE8<=$K$73,1,0),K8) -> 1 | AH8: =IF(K8="",IF(AF8<=$K$73,1,0),K8) -> 0
A9: 05310 | B9: Gómez Plata | C9: Norte | D9: Provincia Bio-Energética del Norte | E9: Original | F9: 33207 | H9: =IF(G9="",F9,G9) -> 33207 | L9: Sin desagregar por municipio en el informe | M9: =Y9*Resumen!$C$6+AC9*Resumen!$C$7+AG9*Resumen!$C$9 -> 1 | N9: =Z9*Resumen!$C$6+AD9*Resumen!$C$7+AH9*Resumen!$C$9 -> 0.9 | O9: =H9*M9 -> 33207 | P9: =H9*N9 -> 29886.3 | U9: =H9*((Q9="Oficial")*Resumen!$C$6+(R9="Oficial")*Resumen!$C$7+(S9="Oficial")*Resumen!$C$9) -> 0 | V9: =IF(COUNTIF(I9:K9,1)>0,"Con entregas verificadas",IF(COUNTBLANK(I9:K9)>0,"Sin evidencia municipal","Sin entregas")) -> Sin evidencia municipal | W9: =IF(I9="",SUMPRODUCT(($I$5:$I$69="")*($H$5:$H$69<H9))+SUMPRODUCT((I$5:I9="")*($H$5:H9=H9)),"") -> 21 | X9: =IF(I9="",SUMPRODUCT(($I$5:$I$69="")*($H$5:$H$69>H9))+SUMPRODUCT((I$5:I9="")*($H$5:H9=H9)),"") -> 28 | Y9: =IF(I9="",IF(W9<=$I$73,1,0),I9) -> 1 | Z9: =IF(I9="",IF(X9<=$I$73,1,0),I9) -> 1 | AA9: =IF(J9="",SUMPRODUCT(($J$5:$J$69="")*($H$5:$H$69<H9))+SUMPRODUCT((J$5:J9="")*($H$5:H9=H9)),"") -> 21 | AB9: =IF(J9="",SUMPRODUCT(($J$5:$J$69="")*($H$5:$H$69>H9))+SUMPRODUCT((J$5:J9="")*($H$5:H9=H9)),"") -> 28 | AC9: =IF(J9="",IF(AA9<=$J$73,1,0),J9) -> 1 | AD9: =IF(J9="",IF(AB9<=$J$73,1,0),J9) -> 1 | AE9: =IF(K9="",SUMPRODUCT(($K$5:$K$69="")*($H$5:$H$69<H9))+SUMPRODUCT((K$5:K9="")*($H$5:H9=H9)),"") -> 11 | AF9: =IF(K9="",SUMPRODUCT(($K$5:$K$69="")*($H$5:$H$69>H9))+SUMPRODUCT((K$5:K9="")*($H$5:H9=H9)),"") -> 29 | AG9: =IF(K9="",IF(AE9<=$K$73,1,0),K9) -> 1 | AH9: =IF(K9="",IF(AF9<=$K$73,1,0),K9) -> 0
A10: 05055 | B10: Argelia | C10: Oriente | D10: Provincia La Paz | E10: Original | F10: 24702 | H10: =IF(G10="",F10,G10) -> 24702 | K10: 0 | L10: GDB atrasado (Fig.2 p.73) | M10: =Y10*Resumen!$C$6+AC10*Resumen!$C$7+AG10*Resumen!$C$9 -> 0.9 | N10: =Z10*Resumen!$C$6+AD10*Resumen!$C$7+AH10*Resumen!$C$9 -> 0 | O10: =H10*M10 -> 22231.8 | P10: =H10*N10 -> 0 | U10: =H10*((Q10="Oficial")*Resumen!$C$6+(R10="Oficial")*Resumen!$C$7+(S10="Oficial")*Resumen!$C$9) -> 0 | V10: =IF(COUNTIF(I10:K10,1)>0,"Con entregas verificadas",IF(COUNTBLANK(I10:K10)>0,"Sin evidencia municipal","Sin entregas")) -> Sin evidencia municipal | W10: =IF(I10="",SUMPRODUCT(($I$5:$I$69="")*($H$5:$H$69<H10))+SUMPRODUCT((I$5:I10="")*($H$5:H10=H10)),"") -> 13 | X10: =IF(I10="",SUMPRODUCT(($I$5:$I$69="")*($H$5:$H$69>H10))+SUMPRODUCT((I$5:I10="")*($H$5:H10=H10)),"") -> 36 | Y10: =IF(I10="",IF(W10<=$I$73,1,0),I10) -> 1 | Z10: =IF(I10="",IF(X10<=$I$73,1,0),I10) -> 0 | AA10: =IF(J10="",SUMPRODUCT(($J$5:$J$69="")*($H$5:$H$69<H10))+SUMPRODUCT((J$5:J10="")*($H$5:H10=H10)),"") -> 13 | AB10: =IF(J10="",SUMPRODUCT(($J$5:$J$69="")*($H$5:$H$69>H10))+SUMPRODUCT((J$5:J10="")*($H$5:H10=H10)),"") -> 36 | AC10: =IF(J10="",IF(AA10<=$J$73,1,0),J10) -> 1 | AD10: =IF(J10="",IF(AB10<=$J$73,1,0),J10) -> 0 | AE10: =IF(K10="",SUMPRODUCT(($K$5:$K$69="")*($H$5:$H$69<H10))+SUMPRODUCT((K$5:K10="")*($H$5:H10=H10)),"") | AF10: =IF(K10="",SUMPRODUCT(($K$5:$K$69="")*($H$5:$H$69>H10))+SUMPRODUCT((K$5:K10="")*($H$5:H10=H10)),"") | AG10: =IF(K10="",IF(AE10<=$K$73,1,0),K10) -> 0 | AH10: =IF(K10="",IF(AF10<=$K$73,1,0),K10) -> 0
A11: 05483 | B11: Nariño | C11: Oriente | D11: Provincia La Paz | E11: Original | F11: 31797 | H11: =IF(G11="",F11,G11) -> 31797 | L11: Sin desagregar por municipio en el informe | M11: =Y11*Resumen!$C$6+AC11*Resumen!$C$7+AG11*Resumen!$C$9 -> 1 | N11: =Z11*Resumen!$C$6+AD11*Resumen!$C$7+AH11*Resumen!$C$9 -> 0.9 | O11: =H11*M11 -> 31797 | P11: =H11*N11 -> 28617.3 | U11: =H11*((Q11="Oficial")*Resumen!$C$6+(R11="Oficial")*Resumen!$C$7+(S11="Oficial")*Resumen!$C$9) -> 0 | V11: =IF(COUNTIF(I11:K11,1)>0,"Con entregas verificadas",IF(COUNTBLANK(I11:K11)>0,"Sin evidencia municipal","Sin entregas")) -> Sin evidencia municipal | W11: =IF(I11="",SUMPRODUCT(($I$5:$I$69="")*($H$5:$H$69<H11))+SUMPRODUCT((I$5:I11="")*($H$5:H11=H11)),"") -> 20 | X11: =IF(I11="",SUMPRODUCT(($I$5:$I$69="")*($H$5:$H$69>H11))+SUMPRODUCT((I$5:I11="")*($H$5:H11=H11)),"") -> 29 | Y11: =IF(I11="",IF(W11<=$I$73,1,0),I11) -> 1 | Z11: =IF(I11="",IF(X11<=$I$73,1,0),I11) -> 1 | AA11: =IF(J11="",SUMPRODUCT(($J$5:$J$69="")*($H$5:$H$69<H11))+SUMPRODUCT((J$5:J11="")*($H$5:H11=H11)),"") -> 20 | AB11: =IF(J11="",SUMPRODUCT(($J$5:$J$69="")*($H$5:$H$69>H11))+SUMPRODUCT((J$5:J11="")*($H$5:H11=H11)),"") -> 29 | AC11: =IF(J11="",IF(AA11<=$J$73,1,0),J11) -> 1 | AD11: =IF(J11="",IF(AB11<=$J$73,1,0),J11) -> 1 | AE11: =IF(K11="",SUMPRODUCT(($K$5:$K$69="")*($H$5:$H$69<H11))+SUMPRODUCT((K$5:K11="")*($H$5:H11=H11)),"") -> 10 | AF11: =IF(K11="",SUMPRODUCT(($K$5:$K$69="")*($H$5:$H$69>H11))+SUMPRODUCT((K$5:K11="")*($H$5:H11=H11)),"") -> 30 | AG11: =IF(K11="",IF(AE11<=$K$73,1,0),K11) -> 1 | AH11: =IF(K11="",IF(AF11<=$K$73,1,0),K11) -> 0
A12: 05756 | B12: Sonsón | C12: Oriente | D12: Provincia La Paz | E12: Original | F12: 135439 | H12: =IF(G12="",F12,G12) -> 135439 | L12: Sin desagregar por municipio en el informe | M12: =Y12*Resumen!$C$6+AC12*Resumen!$C$7+AG12*Resumen!$C$9 -> 0 | N12: =Z12*Resumen!$C$6+AD12*Resumen!$C$7+AH12*Resumen!$C$9 -> 1 | O12: =H12*M12 -> 0 | P12: =H12*N12 -> 135439 | U12: =H12*((Q12="Oficial")*Resumen!$C$6+(R12="Oficial")*Resumen!$C$7+(S12="Oficial")*Resumen!$C$9) -> 0 | V12: =IF(COUNTIF(I12:K12,1)>0,"Con entregas verificadas",IF(COUNTBLANK(I12:K12)>0,"Sin evidencia municipal","Sin entregas")) -> Sin evidencia municipal | W12: =IF(I12="",SUMPRODUCT(($I$5:$I$69="")*($H$5:$H$69<H12))+SUMPRODUCT((I$5:I12="")*($H$5:H12=H12)),"") -> 40 | X12: =IF(I12="",SUMPRODUCT(($I$5:$I$69="")*($H$5:$H$69>H12))+SUMPRODUCT((I$5:I12="")*($H$5:H12=H12)),"") -> 9 | Y12: =IF(I12="",IF(W12<=$I$73,1,0),I12) -> 0 | Z12: =IF(I12="",IF(X12<=$I$73,1,0),I12) -> 1 | AA12: =IF(J12="",SUMPRODUCT(($J$5:$J$69="")*($H$5:$H$69<H12))+SUMPRODUCT((J$5:J12="")*($H$5:H12=H12)),"") -> 40 | AB12: =IF(J12="",SUMPRODUCT(($J$5:$J$69="")*($H$5:$H$69>H12))+SUMPRODUCT((J$5:J12="")*($H$5:H12=H12)),"") -> 9 | AC12: =IF(J12="",IF(AA12<=$J$73,1,0),J12) -> 0 | AD12: =IF(J12="",IF(AB12<=$J$73,1,0),J12) -> 1 | AE12: =IF(K12="",SUMPRODUCT(($K$5:$K$69="")*($H$5:$H$69<H12))+SUMPRODUCT((K$5:K12="")*($H$5:H12=H12)),"") -> 31 | AF12: =IF(K12="",SUMPRODUCT(($K$5:$K$69="")*($H$5:$H$69>H12))+SUMPRODUCT((K$5:K12="")*($H$5:H12=H12)),"") -> 9 | AG12: =IF(K12="",IF(AE12<=$K$73,1,0),K12) -> 0 | AH12: =IF(K12="",IF(AF12<=$K$73,1,0),K12) -> 1
A13: 05628 | B13: Sabanalarga | C13: Occidente | D13: Provincia Occidente | E13: Original | F13: 26573 | H13: =IF(G13="",F13,G13) -> 26573 | K13: 0 | L13: GDB atrasado (Fig.2 p.73) | M13: =Y13*Resumen!$C$6+AC13*Resumen!$C$7+AG13*Resumen!$C$9 -> 0.9 | N13: =Z13*Resumen!$C$6+AD13*Resumen!$C$7+AH13*Resumen!$C$9 -> 0.45 | O13: =H13*M13 -> 23915.7 | P13: =H13*N13 -> 11957.85 | U13: =H13*((Q13="Oficial")*Resumen!$C$6+(R13="Oficial")*Resumen!$C$7+(S13="Oficial")*Resumen!$C$9) -> 0 | V13: =IF(COUNTIF(I13:K13,1)>0,"Con entregas verificadas",IF(COUNTBLANK(I13:K13)>0,"Sin evidencia municipal","Sin entregas")) -> Sin evidencia municipal | W13: =IF(I13="",SUMPRODUCT(($I$5:$I$69="")*($H$5:$H$69<H13))+SUMPRODUCT((I$5:I13="")*($H$5:H13=H13)),"") -> 15 | X13: =IF(I13="",SUMPRODUCT(($I$5:$I$69="")*($H$5:$H$69>H13))+SUMPRODUCT((I$5:I13="")*($H$5:H13=H13)),"") -> 34 | Y13: =IF(I13="",IF(W13<=$I$73,1,0),I13) -> 1 | Z13: =IF(I13="",IF(X13<=$I$73,1,0),I13) -> 1 | AA13: =IF(J13="",SUMPRODUCT(($J$5:$J$69="")*($H$5:$H$69<H13))+SUMPRODUCT((J$5:J13="")*($H$5:H13=H13)),"") -> 15 | AB13: =IF(J13="",SUMPRODUCT(($J$5:$J$69="")*($H$5:$H$69>H13))+SUMPRODUCT((J$5:J13="")*($H$5:H13=H13)),"") -> 34 | AC13: =IF(J13="",IF(AA13<=$J$73,1,0),J13) -> 1 | AD13: =IF(J13="",IF(AB13<=$J$73,1,0),J13) -> 0 | AE13: =IF(K13="",SUMPRODUCT(($K$5:$K$69="")*($H$5:$H$69<H13))+SUMPRODUCT((K$5:K13="")*($H$5:H13=H13)),"") | AF13: =IF(K13="",SUMPRODUCT(($K$5:$K$69="")*($H$5:$H$69>H13))+SUMPRODUCT((K$5:K13="")*($H$5:H13=H13)),"") | AG13: =IF(K13="",IF(AE13<=$K$73,1,0),K13) -> 0 | AH13: =IF(K13="",IF(AF13<=$K$73,1,0),K13) -> 0
A14: 05656 | B14: San Jerónimo | C14: Occidente | D14: Provincia Occidente | E14: Original | F14: 17256 | H14: =IF(G14="",F14,G14) -> 17256 | K14: 0 | L14: GDB atrasado (Fig.2 p.73) | M14: =Y14*Resumen!$C$6+AC14*Resumen!$C$7+AG14*Resumen!$C$9 -> 0.9 | N14: =Z14*Resumen!$C$6+AD14*Resumen!$C$7+AH14*Resumen!$C$9 -> 0 | O14: =H14*M14 -> 15530.4 | P14: =H14*N14 -> 0 | U14: =H14*((Q14="Oficial")*Resumen!$C$6+(R14="Oficial")*Resumen!$C$7+(S14="Oficial")*Resumen!$C$9) -> 0 | V14: =IF(COUNTIF(I14:K14,1)>0,"Con entregas verificadas",IF(COUNTBLANK(I14:K14)>0,"Sin evidencia municipal","Sin entregas")) -> Sin evidencia municipal | W14: =IF(I14="",SUMPRODUCT(($I$5:$I$69="")*($H$5:$H$69<H14))+SUMPRODUCT((I$5:I14="")*($H$5:H14=H14)),"") -> 6 | X14: =IF(I14="",SUMPRODUCT(($I$5:$I$69="")*($H$5:$H$69>H14))+SUMPRODUCT((I$5:I14="")*($H$5:H14=H14)),"") -> 43 | Y14: =IF(I14="",IF(W14<=$I$73,1,0),I14) -> 1 | Z14: =IF(I14="",IF(X14<=$I$73,1,0),I14) -> 0 | AA14: =IF(J14="",SUMPRODUCT(($J$5:$J$69="")*($H$5:$H$69<H14))+SUMPRODUCT((J$5:J14="")*($H$5:H14=H14)),"") -> 6 | AB14: =IF(J14="",SUMPRODUCT(($J$5:$J$69="")*($H$5:$H$69>H14))+SUMPRODUCT((J$5:J14="")*($H$5:H14=H14)),"") -> 43 | AC14: =IF(J14="",IF(AA14<=$J$73,1,0),J14) -> 1 | AD14: =IF(J14="",IF(AB14<=$J$73,1,0),J14) -> 0 | AE14: =IF(K14="",SUMPRODUCT(($K$5:$K$69="")*($H$5:$H$69<H14))+SUMPRODUCT((K$5:K14="")*($H$5:H14=H14)),"") | AF14: =IF(K14="",SUMPRODUCT(($K$5:$K$69="")*($H$5:$H$69>H14))+SUMPRODUCT((K$5:K14="")*($H$5:H14=H14)),"") | AG14: =IF(K14="",IF(AE14<=$K$73,1,0),K14) -> 0 | AH14: =IF(K14="",IF(AF14<=$K$73,1,0),K14) -> 0
A15: 05042 | B15: Santa Fe de Antioquia | C15: Occidente | D15: Provincia Occidente | E15: Original | F15: 53607 | G15: 53606.96 | H15: =IF(G15="",F15,G15) -> 53606.96 | I15: 1 | J15: 1 | K15: 1 | L15: ORT entregado desde dic-24; MDT entregado desde dic-24; GDB radicado IGAC (T31 p.72) | M15: =Y15*Resumen!$C$6+AC15*Resumen!$C$7+AG15*Resumen!$C$9 -> 1 | N15: =Z15*Resumen!$C$6+AD15*Resumen!$C$7+AH15*Resumen!$C$9 -> 1 | O15: =H15*M15 -> 53606.96 | P15: =H15*N15 -> 53606.96 | Q15: Radicado IGAC | R15: Radicado IGAC | S15: Radicado IGAC | T15: Radicado nuevamente al IGAC | U15: =H15*((Q15="Oficial")*Resumen!$C$6+(R15="Oficial")*Resumen!$C$7+(S15="Oficial")*Resumen!$C$9) -> 0 | V15: =IF(COUNTIF(I15:K15,1)>0,"Con entregas verificadas",IF(COUNTBLANK(I15:K15)>0,"Sin evidencia municipal","Sin entregas")) -> Con entregas verificadas | W15: =IF(I15="",SUMPRODUCT(($I$5:$I$69="")*($H$5:$H$69<H15))+SUMPRODUCT((I$5:I15="")*($H$5:H15=H15)),"") | X15: =IF(I15="",SUMPRODUCT(($I$5:$I$69="")*($H$5:$H$69>H15))+SUMPRODUCT((I$5:I15="")*($H$5:H15=H15)),"") | Y15: =IF(I15="",IF(W15<=$I$73,1,0),I15) -> 1 | Z15: =IF(I15="",IF(X15<=$I$73,1,0),I15) -> 1 | AA15: =IF(J15="",SUMPRODUCT(($J$5:$J$69="")*($H$5:$H$69<H15))+SUMPRODUCT((J$5:J15="")*($H$5:H15=H15)),"") | AB15: =IF(J15="",SUMPRODUCT(($J$5:$J$69="")*($H$5:$H$69>H15))+SUMPRODUCT((J$5:J15="")*($H$5:H15=H15)),"") | AC15: =IF(J15="",IF(AA15<=$J$73,1,0),J15) -> 1 | AD15: =IF(J15="",IF(AB15<=$J$73,1,0),J15) -> 1 | AE15: =IF(K15="",SUMPRODUCT(($K$5:$K$69="")*($H$5:$H$69<H15))+SUMPRODUCT((K$5:K15="")*($H$5:H15=H15)),"") | AF15: =IF(K15="",SUMPRODUCT(($K$5:$K$69="")*($H$5:$H$69>H15))+SUMPRODUCT((K$5:K15="")*($H$5:H15=H15)),"") | AG15: =IF(K15="",IF(AE15<=$K$73,1,0),K15) -> 1 | AH15: =IF(K15="",IF(AF15<=$K$73,1,0),K15) -> 1
A16: 05890 | B16: Yolombó | C16: Nordeste | D16: Provincia Mineros | E16: Original | F16: 94340 | H16: =IF(G16="",F16,G16) -> 94340 | K16: 0 | L16: GDB atrasado (Fig.2 p.73) | M16: =Y16*Resumen!$C$6+AC16*Resumen!$C$7+AG16*Resumen!$C$9 -> 0 | N16: =Z16*Resumen!$C$6+AD16*Resumen!$C$7+AH16*Resumen!$C$9 -> 0.9 | O16: =H16*M16 -> 0 | P16: =H16*N16 -> 84906 | U16: =H16*((Q16="Oficial")*Resumen!$C$6+(R16="Oficial")*Resumen!$C$7+(S16="Oficial")*Resumen!$C$9) -> 0 | V16: =IF(COUNTIF(I16:K16,1)>0,"Con entregas verificadas",IF(COUNTBLANK(I16:K16)>0,"Sin evidencia municipal","Sin entregas")) -> Sin evidencia municipal | W16: =IF(I16="",SUMPRODUCT(($I$5:$I$69="")*($H$5:$H$69<H16))+SUMPRODUCT((I$5:I16="")*($H$5:H16=H16)),"") -> 36 | X16: =IF(I16="",SUMPRODUCT(($I$5:$I$69="")*($H$5:$H$69>H16))+SUMPRODUCT((I$5:I16="")*($H$5:H16=H16)),"") -> 13 | Y16: =IF(I16="",IF(W16<=$I$73,1,0),I16) -> 0 | Z16: =IF(I16="",IF(X16<=$I$73,1,0),I16) -> 1 | AA16: =IF(J16="",SUMPRODUCT(($J$5:$J$69="")*($H$5:$H$69<H16))+SUMPRODUCT((J$5:J16="")*($H$5:H16=H16)),"") -> 36 | AB16: =IF(J16="",SUMPRODUCT(($J$5:$J$69="")*($H$5:$H$69>H16))+SUMPRODUCT((J$5:J16="")*($H$5:H16=H16)),"") -> 13 | AC16: =IF(J16="",IF(AA16<=$J$73,1,0),J16) -> 0 | AD16: =IF(J16="",IF(AB16<=$J$73,1,0),J16) -> 1 | AE16: =IF(K16="",SUMPRODUCT(($K$5:$K$69="")*($H$5:$H$69<H16))+SUMPRODUCT((K$5:K16="")*($H$5:H16=H16)),"") | AF16: =IF(K16="",SUMPRODUCT(($K$5:$K$69="")*($H$5:$H$69>H16))+SUMPRODUCT((K$5:K16="")*($H$5:H16=H16)),"") | AG16: =IF(K16="",IF(AE16<=$K$73,1,0),K16) -> 0 | AH16: =IF(K16="",IF(AF16<=$K$73,1,0),K16) -> 0
A17: 05002 | B17: Abejorral | C17: Oriente | D17: Sin provincia asignada | E17: Original | F17: 50695 | G17: 50695.28 | H17: =IF(G17="",F17,G17) -> 50695.28 | J17: 1 | L17: MDT entregado desde dic-24 | M17: =Y17*Resumen!$C$6+AC17*Resumen!$C$7+AG17*Resumen!$C$9 -> 0.9 | N17: =Z17*Resumen!$C$6+AD17*Resumen!$C$7+AH17*Resumen!$C$9 -> 0.9 | O17: =H17*M17 -> 45625.752 | P17: =H17*N17 -> 45625.752 | U17: =H17*((Q17="Oficial")*Resumen!$C$6+(R17="Oficial")*Resumen!$C$7+(S17="Oficial")*Resumen!$C$9) -> 0 | V17: =IF(COUNTIF(I17:K17,1)>0,"Con entregas verificadas",IF(COUNTBLANK(I17:K17)>0,"Sin evidencia municipal","Sin entregas")) -> Con entregas verificadas | W17: =IF(I17="",SUMPRODUCT(($I$5:$I$69="")*($H$5:$H$69<H17))+SUMPRODUCT((I$5:I17="")*($H$5:H17=H17)),"") -> 29 | X17: =IF(I17="",SUMPRODUCT(($I$5:$I$69="")*($H$5:$H$69>H17))+SUMPRODUCT((I$5:I17="")*($H$5:H17=H17)),"") -> 20 | Y17: =IF(I17="",IF(W17<=$I$73,1,0),I17) -> 1 | Z17: =IF(I17="",IF(X17<=$I$73,1,0),I17) -> 1 | AA17: =IF(J17="",SUMPRODUCT(($J$5:$J$69="")*($H$5:$H$69<H17))+SUMPRODUCT((J$5:J17="")*($H$5:H17=H17)),"") | AB17: =IF(J17="",SUMPRODUCT(($J$5:$J$69="")*($H$5:$H$69>H17))+SUMPRODUCT((J$5:J17="")*($H$5:H17=H17)),"") | AC17: =IF(J17="",IF(AA17<=$J$73,1,0),J17) -> 1 | AD17: =IF(J17="",IF(AB17<=$J$73,1,0),J17) -> 1 | AE17: =IF(K17="",SUMPRODUCT(($K$5:$K$69="")*($H$5:$H$69<H17))+SUMPRODUCT((K$5:K17="")*($H$5:H17=H17)),"") -> 20 | AF17: =IF(K17="",SUMPRODUCT(($K$5:$K$69="")*($H$5:$H$69>H17))+SUMPRODUCT((K$5:K17="")*($H$5:H17=H17)),"") -> 20 | AG17: =IF(K17="",IF(AE17<=$K$73,1,0),K17) -> 0 | AH17: =IF(K17="",IF(AF17<=$K$73,1,0),K17) -> 0
A18: 05004 | B18: Abriaquí | C18: Occidente | D18: Sin provincia asignada | E18: Original | F18: 29715 | H18: =IF(G18="",F18,G18) -> 29715 | L18: Sin desagregar por municipio en el informe | M18: =Y18*Resumen!$C$6+AC18*Resumen!$C$7+AG18*Resumen!$C$9 -> 1 | N18: =Z18*Resumen!$C$6+AD18*Resumen!$C$7+AH18*Resumen!$C$9 -> 0.9 | O18: =H18*M18 -> 29715 | P18: =H18*N18 -> 26743.5 | U18: =H18*((Q18="Oficial")*Resumen!$C$6+(R18="Oficial")*Resumen!$C$7+(S18="Oficial")*Resumen!$C$9) -> 0 | V18: =IF(COUNTIF(I18:K18,1)>0,"Con entregas verificadas",IF(COUNTBLANK(I18:K18)>0,"Sin evidencia municipal","Sin entregas")) -> Sin evidencia municipal | W18: =IF(I18="",SUMPRODUCT(($I$5:$I$69="")*($H$5:$H$69<H18))+SUMPRODUCT((I$5:I18="")*($H$5:H18=H18)),"") -> 18 | X18: =IF(I18="",SUMPRODUCT(($I$5:$I$69="")*($H$5:$H$69>H18))+SUMPRODUCT((I$5:I18="")*($H$5:H18=H18)),"") -> 31 | Y18: =IF(I18="",IF(W18<=$I$73,1,0),I18) -> 1 | Z18: =IF(I18="",IF(X18<=$I$73,1,0),I18) -> 1 | AA18: =IF(J18="",SUMPRODUCT(($J$5:$J$69="")*($H$5:$H$69<H18))+SUMPRODUCT((J$5:J18="")*($H$5:H18=H18)),"") -> 18 | AB18: =IF(J18="",SUMPRODUCT(($J$5:$J$69="")*($H$5:$H$69>H18))+SUMPRODUCT((J$5:J18="")*($H$5:H18=H18)),"") -> 31 | AC18: =IF(J18="",IF(AA18<=$J$73,1,0),J18) -> 1 | AD18: =IF(J18="",IF(AB18<=$J$73,1,0),J18) -> 1 | AE18: =IF(K18="",SUMPRODUCT(($K$5:$K$69="")*($H$5:$H$69<H18))+SUMPRODUCT((K$5:K18="")*($H$5:H18=H18)),"") -> 9 | AF18: =IF(K18="",SUMPRODUCT(($K$5:$K$69="")*($H$5:$H$69>H18))+SUMPRODUCT((K$5:K18="")*($H$5:H18=H18)),"") -> 31 | AG18: =IF(K18="",IF(AE18<=$K$73,1,0),K18) -> 1 | AH18: =IF(K18="",IF(AF18<=$K$73,1,0),K18) -> 0
A19: 05031 | B19: Amalfi | C19: Nordeste | D19: Sin provincia asignada | E19: Original | F19: 120835 | G19: 120834.62 | H19: =IF(G19="",F19,G19) -> 120834.62 | I19: 1 | J19: 1 | K19: 1 | L19: ORT entregado desde dic-24; MDT radicado IGAC (T31 p.72); GDB radicado IGAC (T31 p.72) | M19: =Y19*Resumen!$C$6+AC19*Resumen!$C$7+AG19*Resumen!$C$9 -> 1 | N19: =Z19*Resumen!$C$6+AD19*Resumen!$C$7+AH19*Resumen!$C$9 -> 1 | O19: =H19*M19 -> 120834.62 | P19: =H19*N19 -> 120834.62 | Q19: Radicado IGAC | R19: Radicado IGAC | S19: Radicado IGAC | T19: Radicado nuevamente al IGAC | U19: =H19*((Q19="Oficial")*Resumen!$C$6+(R19="Oficial")*Resumen!$C$7+(S19="Oficial")*Resumen!$C$9) -> 0 | V19: =IF(COUNTIF(I19:K19,1)>0,"Con entregas verificadas",IF(COUNTBLANK(I19:K19)>0,"Sin evidencia municipal","Sin entregas")) -> Con entregas verificadas | W19: =IF(I19="",SUMPRODUCT(($I$5:$I$69="")*($H$5:$H$69<H19))+SUMPRODUCT((I$5:I19="")*($H$5:H19=H19)),"") | X19: =IF(I19="",SUMPRODUCT(($I$5:$I$69="")*($H$5:$H$69>H19))+SUMPRODUCT((I$5:I19="")*($H$5:H19=H19)),"") | Y19: =IF(I19="",IF(W19<=$I$73,1,0),I19) -> 1 | Z19: =IF(I19="",IF(X19<=$I$73,1,0),I19) -> 1 | AA19: =IF(J19="",SUMPRODUCT(($J$5:$J$69="")*($H$5:$H$69<H19))+SUMPRODUCT((J$5:J19="")*($H$5:H19=H19)),"") | AB19: =IF(J19="",SUMPRODUCT(($J$5:$J$69="")*($H$5:$H$69>H19))+SUMPRODUCT((J$5:J19="")*($H$5:H19=H19)),"") | AC19: =IF(J19="",IF(AA19<=$J$73,1,0),J19) -> 1 | AD19: =IF(J19="",IF(AB19<=$J$73,1,0),J19) -> 1 | AE19: =IF(K19="",SUMPRODUCT(($K$5:$K$69="")*($H$5:$H$69<H19))+SUMPRODUCT((K$5:K19="")*($H$5:H19=H19)),"") | AF19: =IF(K19="",SUMPRODUCT(($K$5:$K$69="")*($H$5:$H$69>H19))+SUMPRODUCT((K$5:K19="")*($H$5:H19=H19)),"") | AG19: =IF(K19="",IF(AE19<=$K$73,1,0),K19) -> 1 | AH19: =IF(K19="",IF(AF19<=$K$73,1,0),K19) -> 1
A20: 05059 | B20: Armenia | C20: Occidente | D20: Sin provincia asignada | E20: Original | F20: 11050 | G20: 11050.26 | H20: =IF(G20="",F20,G20) -> 11050.26 | I20: 1 | J20: 1 | K20: 1 | L20: ORT radicado IGAC (T31 p.72); MDT entregado desde dic-24; GDB radicado IGAC (T31 p.72) | M20: =Y20*Resumen!$C$6+AC20*Resumen!$C$7+AG20*Resumen!$C$9 -> 1 | N20: =Z20*Resumen!$C$6+AD20*Resumen!$C$7+AH20*Resumen!$C$9 -> 1 | O20: =H20*M20 -> 11050.26 | P20: =H20*N20 -> 11050.26 | Q20: Radicado IGAC | R20: Radicado IGAC | S20: Radicado IGAC | T20: Conforme | U20: =H20*((Q20="Oficial")*Resumen!$C$6+(R20="Oficial")*Resumen!$C$7+(S20="Oficial")*Resumen!$C$9) -> 0 | V20: =IF(COUNTIF(I20:K20,1)>0,"Con entregas verificadas",IF(COUNTBLANK(I20:K20)>0,"Sin evidencia municipal","Sin entregas")) -> Con entregas verificadas | W20: =IF(I20="",SUMPRODUCT(($I$5:$I$69="")*($H$5:$H$69<H20))+SUMPRODUCT((I$5:I20="")*($H$5:H20=H20)),"") | X20: =IF(I20="",SUMPRODUCT(($I$5:$I$69="")*($H$5:$H$69>H20))+SUMPRODUCT((I$5:I20="")*($H$5:H20=H20)),"") | Y20: =IF(I20="",IF(W20<=$I$73,1,0),I20) -> 1 | Z20: =IF(I20="",IF(X20<=$I$73,1,0),I20) -> 1 | AA20: =IF(J20="",SUMPRODUCT(($J$5:$J$69="")*($H$5:$H$69<H20))+SUMPRODUCT((J$5:J20="")*($H$5:H20=H20)),"") | AB20: =IF(J20="",SUMPRODUCT(($J$5:$J$69="")*($H$5:$H$69>H20))+SUMPRODUCT((J$5:J20="")*($H$5:H20=H20)),"") | AC20: =IF(J20="",IF(AA20<=$J$73,1,0),J20) -> 1 | AD20: =IF(J20="",IF(AB20<=$J$73,1,0),J20) -> 1 | AE20: =IF(K20="",SUMPRODUCT(($K$5:$K$69="")*($H$5:$H$69<H20))+SUMPRODUCT((K$5:K20="")*($H$5:H20=H20)),"") | AF20: =IF(K20="",SUMPRODUCT(($K$5:$K$69="")*($H$5:$H$69>H20))+SUMPRODUCT((K$5:K20="")*($H$5:H20=H20)),"") | AG20: =IF(K20="",IF(AE20<=$K$73,1,0),K20) -> 1 | AH20: =IF(K20="",IF(AF20<=$K$73,1,0),K20) -> 1
A21: 05086 | B21: Belmira | C21: Norte | D21: Sin provincia asignada | E21: Original | F21: 30466 | H21: =IF(G21="",F21,G21) -> 30466 | K21: 0 | L21: GDB atrasado (Fig.2 p.73) | M21: =Y21*Resumen!$C$6+AC21*Resumen!$C$7+AG21*Resumen!$C$9 -> 0.9 | N21: =Z21*Resumen!$C$6+AD21*Resumen!$C$7+AH21*Resumen!$C$9 -> 0.9 | O21: =H21*M21 -> 27419.4 | P21: =H21*N21 -> 27419.4 | U21: =H21*((Q21="Oficial")*Resumen!$C$6+(R21="Oficial")*Resumen!$C$7+(S21="Oficial")*Resumen!$C$9) -> 0 | V21: =IF(COUNTIF(I21:K21,1)>0,"Con entregas verificadas",IF(COUNTBLANK(I21:K21)>0,"Sin evidencia municipal","Sin entregas")) -> Sin evidencia municipal | W21: =IF(I21="",SUMPRODUCT(($I$5:$I$69="")*($H$5:$H$69<H21))+SUMPRODUCT((I$5:I21="")*($H$5:H21=H21)),"") -> 19 | X21: =IF(I21="",SUMPRODUCT(($I$5:$I$69="")*($H$5:$H$69>H21))+SUMPRODUCT((I$5:I21="")*($H$5:H21=H21)),"") -> 30 | Y21: =IF(I21="",IF(W21<=$I$73,1,0),I21) -> 1 | Z21: =IF(I21="",IF(X21<=$I$73,1,0),I21) -> 1 | AA21: =IF(J21="",SUMPRODUCT(($J$5:$J$69="")*($H$5:$H$69<H21))+SUMPRODUCT((J$5:J21="")*($H$5:H21=H21)),"") -> 19 | AB21: =IF(J21="",SUMPRODUCT(($J$5:$J$69="")*($H$5:$H$69>H21))+SUMPRODUCT((J$5:J21="")*($H$5:H21=H21)),"") -> 30 | AC21: =IF(J21="",IF(AA21<=$J$73,1,0),J21) -> 1 | AD21: =IF(J21="",IF(AB21<=$J$73,1,0),J21) -> 1 | AE21: =IF(K21="",SUMPRODUCT(($K$5:$K$69="")*($H$5:$H$69<H21))+SUMPRODUCT((K$5:K21="")*($H$5:H21=H21)),"") | AF21: =IF(K21="",SUMPRODUCT(($K$5:$K$69="")*($H$5:$H$69>H21))+SUMPRODUCT((K$5:K21="")*($H$5:H21=H21)),"") | AG21: =IF(K21="",IF(AE21<=$K$73,1,0),K21) -> 0 | AH21: =IF(K21="",IF(AF21<=$K$73,1,0),K21) -> 0
A22: 05107 | B22: Briceño | C22: Norte | D22: Sin provincia asignada | E22: Original | F22: 37624 | H22: =IF(G22="",F22,G22) -> 37624 | L22: Sin desagregar por municipio en el informe | M22: =Y22*Resumen!$C$6+AC22*Resumen!$C$7+AG22*Resumen!$C$9 -> 1 | N22: =Z22*Resumen!$C$6+AD22*Resumen!$C$7+AH22*Resumen!$C$9 -> 0.9 | O22: =H22*M22 -> 37624 | P22: =H22*N22 -> 33861.6 | U22: =H22*((Q22="Oficial")*Resumen!$C$6+(R22="Oficial")*Resumen!$C$7+(S22="Oficial")*Resumen!$C$9) -> 0 | V22: =IF(COUNTIF(I22:K22,1)>0,"Con entregas verificadas",IF(COUNTBLANK(I22:K22)>0,"Sin evidencia municipal","Sin entregas")) -> Sin evidencia municipal | W22: =IF(I22="",SUMPRODUCT(($I$5:$I$69="")*($H$5:$H$69<H22))+SUMPRODUCT((I$5:I22="")*($H$5:H22=H22)),"") -> 25 | X22: =IF(I22="",SUMPRODUCT(($I$5:$I$69="")*($H$5:$H$69>H22))+SUMPRODUCT((I$5:I22="")*($H$5:H22=H22)),"") -> 24 | Y22: =IF(I22="",IF(W22<=$I$73,1,0),I22) -> 1 | Z22: =IF(I22="",IF(X22<=$I$73,1,0),I22) -> 1 | AA22: =IF(J22="",SUMPRODUCT(($J$5:$J$69="")*($H$5:$H$69<H22))+SUMPRODUCT((J$5:J22="")*($H$5:H22=H22)),"") -> 25 | AB22: =IF(J22="",SUMPRODUCT(($J$5:$J$69="")*($H$5:$H$69>H22))+SUMPRODUCT((J$5:J22="")*($H$5:H22=H22)),"") -> 24 | AC22: =IF(J22="",IF(AA22<=$J$73,1,0),J22) -> 1 | AD22: =IF(J22="",IF(AB22<=$J$73,1,0),J22) -> 1 | AE22: =IF(K22="",SUMPRODUCT(($K$5:$K$69="")*($H$5:$H$69<H22))+SUMPRODUCT((K$5:K22="")*($H$5:H22=H22)),"") -> 15 | AF22: =IF(K22="",SUMPRODUCT(($K$5:$K$69="")*($H$5:$H$69>H22))+SUMPRODUCT((K$5:K22="")*($H$5:H22=H22)),"") -> 25 | AG22: =IF(K22="",IF(AE22<=$K$73,1,0),K22) -> 1 | AH22: =IF(K22="",IF(AF22<=$K$73,1,0),K22) -> 0
A23: 05113 | B23: Buriticá | C23: Occidente | D23: Sin provincia asignada | E23: Original | F23: 35519 | H23: =IF(G23="",F23,G23) -> 35519 | K23: 0 | L23: GDB atrasado (Fig.2 p.73) | M23: =Y23*Resumen!$C$6+AC23*Resumen!$C$7+AG23*Resumen!$C$9 -> 0.9 | N23: =Z23*Resumen!$C$6+AD23*Resumen!$C$7+AH23*Resumen!$C$9 -> 0.9 | O23: =H23*M23 -> 31967.1 | P23: =H23*N23 -> 31967.1 | U23: =H23*((Q23="Oficial")*Resumen!$C$6+(R23="Oficial")*Resumen!$C$7+(S23="Oficial")*Resumen!$C$9) -> 0 | V23: =IF(COUNTIF(I23:K23,1)>0,"Con entregas verificadas",IF(COUNTBLANK(I23:K23)>0,"Sin evidencia municipal","Sin entregas")) -> Sin evidencia municipal | W23: =IF(I23="",SUMPRODUCT(($I$5:$I$69="")*($H$5:$H$69<H23))+SUMPRODUCT((I$5:I23="")*($H$5:H23=H23)),"") -> 23 | X23: =IF(I23="",SUMPRODUCT(($I$5:$I$69="")*($H$5:$H$69>H23))+SUMPRODUCT((I$5:I23="")*($H$5:H23=H23)),"") -> 26 | Y23: =IF(I23="",IF(W23<=$I$73,1,0),I23) -> 1 | Z23: =IF(I23="",IF(X23<=$I$73,1,0),I23) -> 1 | AA23: =IF(J23="",SUMPRODUCT(($J$5:$J$69="")*($H$5:$H$69<H23))+SUMPRODUCT((J$5:J23="")*($H$5:H23=H23)),"") -> 23 | AB23: =IF(J23="",SUMPRODUCT(($J$5:$J$69="")*($H$5:$H$69>H23))+SUMPRODUCT((J$5:J23="")*($H$5:H23=H23)),"") -> 26 | AC23: =IF(J23="",IF(AA23<=$J$73,1,0),J23) -> 1 | AD23: =IF(J23="",IF(AB23<=$J$73,1,0),J23) -> 1 | AE23: =IF(K23="",SUMPRODUCT(($K$5:$K$69="")*($H$5:$H$69<H23))+SUMPRODUCT((K$5:K23="")*($H$5:H23=H23)),"") | AF23: =IF(K23="",SUMPRODUCT(($K$5:$K$69="")*($H$5:$H$69>H23))+SUMPRODUCT((K$5:K23="")*($H$5:H23=H23)),"") | AG23: =IF(K23="",IF(AE23<=$K$73,1,0),K23) -> 0 | AH23: =IF(K23="",IF(AF23<=$K$73,1,0),K23) -> 0
A24: 05134 | B24: Campamento | C24: Norte | D24: Sin provincia asignada | E24: Original | F24: 23206 | H24: =IF(G24="",F24,G24) -> 23206 | L24: Sin desagregar por municipio en el informe | M24: =Y24*Resumen!$C$6+AC24*Resumen!$C$7+AG24*Resumen!$C$9 -> 1 | N24: =Z24*Resumen!$C$6+AD24*Resumen!$C$7+AH24*Resumen!$C$9 -> 0 | O24: =H24*M24 -> 23206 | P24: =H24*N24 -> 0 | U24: =H24*((Q24="Oficial")*Resumen!$C$6+(R24="Oficial")*Resumen!$C$7+(S24="Oficial")*Resumen!$C$9) -> 0 | V24: =IF(COUNTIF(I24:K24,1)>0,"Con entregas verificadas",IF(COUNTBLANK(I24:K24)>0,"Sin evidencia municipal","Sin entregas")) -> Sin evidencia municipal | W24: =IF(I24="",SUMPRODUCT(($I$5:$I$69="")*($H$5:$H$69<H24))+SUMPRODUCT((I$5:I24="")*($H$5:H24=H24)),"") -> 10 | X24: =IF(I24="",SUMPRODUCT(($I$5:$I$69="")*($H$5:$H$69>H24))+SUMPRODUCT((I$5:I24="")*($H$5:H24=H24)),"") -> 39 | Y24: =IF(I24="",IF(W24<=$I$73,1,0),I24) -> 1 | Z24: =IF(I24="",IF(X24<=$I$73,1,0),I24) -> 0 | AA24: =IF(J24="",SUMPRODUCT(($J$5:$J$69="")*($H$5:$H$69<H24))+SUMPRODUCT((J$5:J24="")*($H$5:H24=H24)),"") -> 10 | AB24: =IF(J24="",SUMPRODUCT(($J$5:$J$69="")*($H$5:$H$69>H24))+SUMPRODUCT((J$5:J24="")*($H$5:H24=H24)),"") -> 39 | AC24: =IF(J24="",IF(AA24<=$J$73,1,0),J24) -> 1 | AD24: =IF(J24="",IF(AB24<=$J$73,1,0),J24) -> 0 | AE24: =IF(K24="",SUMPRODUCT(($K$5:$K$69="")*($H$5:$H$69<H24))+SUMPRODUCT((K$5:K24="")*($H$5:H24=H24)),"") -> 5 | AF24: =IF(K24="",SUMPRODUCT(($K$5:$K$69="")*($H$5:$H$69>H24))+SUMPRODUCT((K$5:K24="")*($H$5:H24=H24)),"") -> 35 | AG24: =IF(K24="",IF(AE24<=$K$73,1,0),K24) -> 1 | AH24: =IF(K24="",IF(AF24<=$K$73,1,0),K24) -> 0
A25: 05142 | B25: Caracolí | C25: Magdalena Medio | D25: Sin provincia asignada | E25: Original | F25: 26258 | H25: =IF(G25="",F25,G25) -> 26258 | L25: Sin desagregar por municipio en el informe | M25: =Y25*Resumen!$C$6+AC25*Resumen!$C$7+AG25*Resumen!$C$9 -> 1 | N25: =Z25*Resumen!$C$6+AD25*Resumen!$C$7+AH25*Resumen!$C$9 -> 0.45 | O25: =H25*M25 -> 26258 | P25: =H25*N25 -> 11816.1 | U25: =H25*((Q25="Oficial")*Resumen!$C$6+(R25="Oficial")*Resumen!$C$7+(S25="Oficial")*Resumen!$C$9) -> 0 | V25: =IF(COUNTIF(I25:K25,1)>0,"Con entregas verificadas",IF(COUNTBLANK(I25:K25)>0,"Sin evidencia municipal","Sin entregas")) -> Sin evidencia municipal | W25: =IF(I25="",SUMPRODUCT(($I$5:$I$69="")*($H$5:$H$69<H25))+SUMPRODUCT((I$5:I25="")*($H$5:H25=H25)),"") -> 14 | X25: =IF(I25="",SUMPRODUCT(($I$5:$I$69="")*($H$5:$H$69>H25))+SUMPRODUCT((I$5:I25="")*($H$5:H25=H25)),"") -> 35 | Y25: =IF(I25="",IF(W25<=$I$73,1,0),I25) -> 1 | Z25: =IF(I25="",IF(X25<=$I$73,1,0),I25) -> 1 | AA25: =IF(J25="",SUMPRODUCT(($J$5:$J$69="")*($H$5:$H$69<H25))+SUMPRODUCT((J$5:J25="")*($H$5:H25=H25)),"") -> 14 | AB25: =IF(J25="",SUMPRODUCT(($J$5:$J$69="")*($H$5:$H$69>H25))+SUMPRODUCT((J$5:J25="")*($H$5:H25=H25)),"") -> 35 | AC25: =IF(J25="",IF(AA25<=$J$73,1,0),J25) -> 1 | AD25: =IF(J25="",IF(AB25<=$J$73,1,0),J25) -> 0 | AE25: =IF(K25="",SUMPRODUCT(($K$5:$K$69="")*($H$5:$H$69<H25))+SUMPRODUCT((K$5:K25="")*($H$5:H25=H25)),"") -> 8 | AF25: =IF(K25="",SUMPRODUCT(($K$5:$K$69="")*($H$5:$H$69>H25))+SUMPRODUCT((K$5:K25="")*($H$5:H25=H25)),"") -> 32 | AG25: =IF(K25="",IF(AE25<=$K$73,1,0),K25) -> 1 | AH25: =IF(K25="",IF(AF25<=$K$73,1,0),K25) -> 0
A26: 05154 | B26: Caucasia | C26: Bajo Cauca | D26: Sin provincia asignada | E26: Original | F26: 169909 | H26: =IF(G26="",F26,G26) -> 169909 | L26: Sin desagregar por municipio en el informe | M26: =Y26*Resumen!$C$6+AC26*Resumen!$C$7+AG26*Resumen!$C$9 -> 0 | N26: =Z26*Resumen!$C$6+AD26*Resumen!$C$7+AH26*Resumen!$C$9 -> 1 | O26: =H26*M26 -> 0 | P26: =H26*N26 -> 169909 | U26: =H26*((Q26="Oficial")*Resumen!$C$6+(R26="Oficial")*Resumen!$C$7+(S26="Oficial")*Resumen!$C$9) -> 0 | V26: =IF(COUNTIF(I26:K26,1)>0,"Con entregas verificadas",IF(COUNTBLANK(I26:K26)>0,"Sin evidencia municipal","Sin entregas")) -> Sin evidencia municipal | W26: =IF(I26="",SUMPRODUCT(($I$5:$I$69="")*($H$5:$H$69<H26))+SUMPRODUCT((I$5:I26="")*($H$5:H26=H26)),"") -> 44 | X26: =IF(I26="",SUMPRODUCT(($I$5:$I$69="")*($H$5:$H$69>H26))+SUMPRODUCT((I$5:I26="")*($H$5:H26=H26)),"") -> 5 | Y26: =IF(I26="",IF(W26<=$I$73,1,0),I26) -> 0 | Z26: =IF(I26="",IF(X26<=$I$73,1,0),I26) -> 1 | AA26: =IF(J26="",SUMPRODUCT(($J$5:$J$69="")*($H$5:$H$69<H26))+SUMPRODUCT((J$5:J26="")*($H$5:H26=H26)),"") -> 44 | AB26: =IF(J26="",SUMPRODUCT(($J$5:$J$69="")*($H$5:$H$69>H26))+SUMPRODUCT((J$5:J26="")*($H$5:H26=H26)),"") -> 5 | AC26: =IF(J26="",IF(AA26<=$J$73,1,0),J26) -> 0 | AD26: =IF(J26="",IF(AB26<=$J$73,1,0),J26) -> 1 | AE26: =IF(K26="",SUMPRODUCT(($K$5:$K$69="")*($H$5:$H$69<H26))+SUMPRODUCT((K$5:K26="")*($H$5:H26=H26)),"") -> 36 | AF26: =IF(K26="",SUMPRODUCT(($K$5:$K$69="")*($H$5:$H$69>H26))+SUMPRODUCT((K$5:K26="")*($H$5:H26=H26)),"") -> 4 | AG26: =IF(K26="",IF(AE26<=$K$73,1,0),K26) -> 0 | AH26: =IF(K26="",IF(AF26<=$K$73,1,0),K26) -> 1
A27: 05138 | B27: Cañasgordas | C27: Occidente | D27: Sin provincia asignada | E27: Original | F27: 36484 | H27: =IF(G27="",F27,G27) -> 36484 | L27: Sin desagregar por municipio en el informe | M27: =Y27*Resumen!$C$6+AC27*Resumen!$C$7+AG27*Resumen!$C$9 -> 1 | N27: =Z27*Resumen!$C$6+AD27*Resumen!$C$7+AH27*Resumen!$C$9 -> 0.9 | O27: =H27*M27 -> 36484 | P27: =H27*N27 -> 32835.6 | U27: =H27*((Q27="Oficial")*Resumen!$C$6+(R27="Oficial")*Resumen!$C$7+(S27="Oficial")*Resumen!$C$9) -> 0 | V27: =IF(COUNTIF(I27:K27,1)>0,"Con entregas verificadas",IF(COUNTBLANK(I27:K27)>0,"Sin evidencia municipal","Sin entregas")) -> Sin evidencia municipal | W27: =IF(I27="",SUMPRODUCT(($I$5:$I$69="")*($H$5:$H$69<H27))+SUMPRODUCT((I$5:I27="")*($H$5:H27=H27)),"") -> 24 | X27: =IF(I27="",SUMPRODUCT(($I$5:$I$69="")*($H$5:$H$69>H27))+SUMPRODUCT((I$5:I27="")*($H$5:H27=H27)),"") -> 25 | Y27: =IF(I27="",IF(W27<=$I$73,1,0),I27) -> 1 | Z27: =IF(I27="",IF(X27<=$I$73,1,0),I27) -> 1 | AA27: =IF(J27="",SUMPRODUCT(($J$5:$J$69="")*($H$5:$H$69<H27))+SUMPRODUCT((J$5:J27="")*($H$5:H27=H27)),"") -> 24 | AB27: =IF(J27="",SUMPRODUCT(($J$5:$J$69="")*($H$5:$H$69>H27))+SUMPRODUCT((J$5:J27="")*($H$5:H27=H27)),"") -> 25 | AC27: =IF(J27="",IF(AA27<=$J$73,1,0),J27) -> 1 | AD27: =IF(J27="",IF(AB27<=$J$73,1,0),J27) -> 1 | AE27: =IF(K27="",SUMPRODUCT(($K$5:$K$69="")*($H$5:$H$69<H27))+SUMPRODUCT((K$5:K27="")*($H$5:H27=H27)),"") -> 14 | AF27: =IF(K27="",SUMPRODUCT(($K$5:$K$69="")*($H$5:$H$69>H27))+SUMPRODUCT((K$5:K27="")*($H$5:H27=H27)),"") -> 26 | AG27: =IF(K27="",IF(AE27<=$K$73,1,0),K27) -> 1 | AH27: =IF(K27="",IF(AF27<=$K$73,1,0),K27) -> 0
A28: 05172 | B28: Chigorodó | C28: Urabá | D28: Sin provincia asignada | E28: Original | F28: 76629 | H28: =IF(G28="",F28,G28) -> 76629 | L28: Sin desagregar por municipio en el informe | M28: =Y28*Resumen!$C$6+AC28*Resumen!$C$7+AG28*Resumen!$C$9 -> 0.45 | N28: =Z28*Resumen!$C$6+AD28*Resumen!$C$7+AH28*Resumen!$C$9 -> 1 | O28: =H28*M28 -> 34483.05 | P28: =H28*N28 -> 76629 | U28: =H28*((Q28="Oficial")*Resumen!$C$6+(R28="Oficial")*Resumen!$C$7+(S28="Oficial")*Resumen!$C$9) -> 0 | V28: =IF(COUNTIF(I28:K28,1)>0,"Con entregas verificadas",IF(COUNTBLANK(I28:K28)>0,"Sin evidencia municipal","Sin entregas")) -> Sin evidencia municipal | W28: =IF(I28="",SUMPRODUCT(($I$5:$I$69="")*($H$5:$H$69<H28))+SUMPRODUCT((I$5:I28="")*($H$5:H28=H28)),"") -> 34 | X28: =IF(I28="",SUMPRODUCT(($I$5:$I$69="")*($H$5:$H$69>H28))+SUMPRODUCT((I$5:I28="")*($H$5:H28=H28)),"") -> 15 | Y28: =IF(I28="",IF(W28<=$I$73,1,0),I28) -> 1 | Z28: =IF(I28="",IF(X28<=$I$73,1,0),I28) -> 1 | AA28: =IF(J28="",SUMPRODUCT(($J$5:$J$69="")*($H$5:$H$69<H28))+SUMPRODUCT((J$5:J28="")*($H$5:H28=H28)),"") -> 34 | AB28: =IF(J28="",SUMPRODUCT(($J$5:$J$69="")*($H$5:$H$69>H28))+SUMPRODUCT((J$5:J28="")*($H$5:H28=H28)),"") -> 15 | AC28: =IF(J28="",IF(AA28<=$J$73,1,0),J28) -> 0 | AD28: =IF(J28="",IF(AB28<=$J$73,1,0),J28) -> 1 | AE28: =IF(K28="",SUMPRODUCT(($K$5:$K$69="")*($H$5:$H$69<H28))+SUMPRODUCT((K$5:K28="")*($H$5:H28=H28)),"") -> 25 | AF28: =IF(K28="",SUMPRODUCT(($K$5:$K$69="")*($H$5:$H$69>H28))+SUMPRODUCT((K$5:K28="")*($H$5:H28=H28)),"") -> 15 | AG28: =IF(K28="",IF(AE28<=$K$73,1,0),K28) -> 0 | AH28: =IF(K28="",IF(AF28<=$K$73,1,0),K28) -> 1
A29: 05190 | B29: Cisneros | C29: Nordeste | D29: Sin provincia asignada | E29: Original | F29: 4691 | G29: 4691.49 | H29: =IF(G29="",F29,G29) -> 4691.49 | I29: 1 | J29: 1 | K29: 1 | L29: ORT entregado desde dic-24; MDT entregado desde dic-24; GDB radicado IGAC (T31 p.72) | M29: =Y29*Resumen!$C$6+AC29*Resumen!$C$7+AG29*Resumen!$C$9 -> 1 | N29: =Z29*Resumen!$C$6+AD29*Resumen!$C$7+AH29*Resumen!$C$9 -> 1 | O29: =H29*M29 -> 4691.49 | P29: =H29*N29 -> 4691.49 | Q29: Radicado IGAC | R29: Radicado IGAC | S29: Radicado IGAC | T29: MDT y Orto no conforme | U29: =H29*((Q29="Oficial")*Resumen!$C$6+(R29="Oficial")*Resumen!$C$7+(S29="Oficial")*Resumen!$C$9) -> 0 | V29: =IF(COUNTIF(I29:K29,1)>0,"Con entregas verificadas",IF(COUNTBLANK(I29:K29)>0,"Sin evidencia municipal","Sin entregas")) -> Con entregas verificadas | W29: =IF(I29="",SUMPRODUCT(($I$5:$I$69="")*($H$5:$H$69<H29))+SUMPRODUCT((I$5:I29="")*($H$5:H29=H29)),"") | X29: =IF(I29="",SUMPRODUCT(($I$5:$I$69="")*($H$5:$H$69>H29))+SUMPRODUCT((I$5:I29="")*($H$5:H29=H29)),"") | Y29: =IF(I29="",IF(W29<=$I$73,1,0),I29) -> 1 | Z29: =IF(I29="",IF(X29<=$I$73,1,0),I29) -> 1 | AA29: =IF(J29="",SUMPRODUCT(($J$5:$J$69="")*($H$5:$H$69<H29))+SUMPRODUCT((J$5:J29="")*($H$5:H29=H29)),"") | AB29: =IF(J29="",SUMPRODUCT(($J$5:$J$69="")*($H$5:$H$69>H29))+SUMPRODUCT((J$5:J29="")*($H$5:H29=H29)),"") | AC29: =IF(J29="",IF(AA29<=$J$73,1,0),J29) -> 1 | AD29: =IF(J29="",IF(AB29<=$J$73,1,0),J29) -> 1 | AE29: =IF(K29="",SUMPRODUCT(($K$5:$K$69="")*($H$5:$H$69<H29))+SUMPRODUCT((K$5:K29="")*($H$5:H29=H29)),"") | AF29: =IF(K29="",SUMPRODUCT(($K$5:$K$69="")*($H$5:$H$69>H29))+SUMPRODUCT((K$5:K29="")*($H$5:H29=H29)),"") | AG29: =IF(K29="",IF(AE29<=$K$73,1,0),K29) -> 1 | AH29: =IF(K29="",IF(AF29<=$K$73,1,0),K29) -> 1
A30: 05234 | B30: Dabeiba | C30: Occidente | D30: Sin provincia asignada | E30: Original | F30: 195844 | H30: =IF(G30="",F30,G30) -> 195844 | L30: Sin desagregar por municipio en el informe | M30: =Y30*Resumen!$C$6+AC30*Resumen!$C$7+AG30*Resumen!$C$9 -> 0 | N30: =Z30*Resumen!$C$6+AD30*Resumen!$C$7+AH30*Resumen!$C$9 -> 1 | O30: =H30*M30 -> 0 | P30: =H30*N30 -> 195844 | U30: =H30*((Q30="Oficial")*Resumen!$C$6+(R30="Oficial")*Resumen!$C$7+(S30="Oficial")*Resumen!$C$9) -> 0 | V30: =IF(COUNTIF(I30:K30,1)>0,"Con entregas verificadas",IF(COUNTBLANK(I30:K30)>0,"Sin evidencia municipal","Sin entregas")) -> Sin evidencia municipal | W30: =IF(I30="",SUMPRODUCT(($I$5:$I$69="")*($H$5:$H$69<H30))+SUMPRODUCT((I$5:I30="")*($H$5:H30=H30)),"") -> 46 | X30: =IF(I30="",SUMPRODUCT(($I$5:$I$69="")*($H$5:$H$69>H30))+SUMPRODUCT((I$5:I30="")*($H$5:H30=H30)),"") -> 3 | Y30: =IF(I30="",IF(W30<=$I$73,1,0),I30) -> 0 | Z30: =IF(I30="",IF(X30<=$I$73,1,0),I30) -> 1 | AA30: =IF(J30="",SUMPRODUCT(($J$5:$J$69="")*($H$5:$H$69<H30))+SUMPRODUCT((J$5:J30="")*($H$5:H30=H30)),"") -> 46 | AB30: =IF(J30="",SUMPRODUCT(($J$5:$J$69="")*($H$5:$H$69>H30))+SUMPRODUCT((J$5:J30="")*($H$5:H30=H30)),"") -> 3 | AC30: =IF(J30="",IF(AA30<=$J$73,1,0),J30) -> 0 | AD30: =IF(J30="",IF(AB30<=$J$73,1,0),J30) -> 1 | AE30: =IF(K30="",SUMPRODUCT(($K$5:$K$69="")*($H$5:$H$69<H30))+SUMPRODUCT((K$5:K30="")*($H$5:H30=H30)),"") -> 38 | AF30: =IF(K30="",SUMPRODUCT(($K$5:$K$69="")*($H$5:$H$69>H30))+SUMPRODUCT((K$5:K30="")*($H$5:H30=H30)),"") -> 2 | AG30: =IF(K30="",IF(AE30<=$K$73,1,0),K30) -> 0 | AH30: =IF(K30="",IF(AF30<=$K$73,1,0),K30) -> 1
A31: 05240 | B31: Ebéjico | C31: Occidente | D31: Sin provincia asignada | E31: Original | F31: 24687 | H31: =IF(G31="",F31,G31) -> 24687 | L31: Sin desagregar por municipio en el informe | M31: =Y31*Resumen!$C$6+AC31*Resumen!$C$7+AG31*Resumen!$C$9 -> 1 | N31: =Z31*Resumen!$C$6+AD31*Resumen!$C$7+AH31*Resumen!$C$9 -> 0 | O31: =H31*M31 -> 24687 | P31: =H31*N31 -> 0 | U31: =H31*((Q31="Oficial")*Resumen!$C$6+(R31="Oficial")*Resumen!$C$7+(S31="Oficial")*Resumen!$C$9) -> 0 | V31: =IF(COUNTIF(I31:K31,1)>0,"Con entregas verificadas",IF(COUNTBLANK(I31:K31)>0,"Sin evidencia municipal","Sin entregas")) -> Sin evidencia municipal | W31: =IF(I31="",SUMPRODUCT(($I$5:$I$69="")*($H$5:$H$69<H31))+SUMPRODUCT((I$5:I31="")*($H$5:H31=H31)),"") -> 12 | X31: =IF(I31="",SUMPRODUCT(($I$5:$I$69="")*($H$5:$H$69>H31))+SUMPRODUCT((I$5:I31="")*($H$5:H31=H31)),"") -> 37 | Y31: =IF(I31="",IF(W31<=$I$73,1,0),I31) -> 1 | Z31: =IF(I31="",IF(X31<=$I$73,1,0),I31) -> 0 | AA31: =IF(J31="",SUMPRODUCT(($J$5:$J$69="")*($H$5:$H$69<H31))+SUMPRODUCT((J$5:J31="")*($H$5:H31=H31)),"") -> 12 | AB31: =IF(J31="",SUMPRODUCT(($J$5:$J$69="")*($H$5:$H$69>H31))+SUMPRODUCT((J$5:J31="")*($H$5:H31=H31)),"") -> 37 | AC31: =IF(J31="",IF(AA31<=$J$73,1,0),J31) -> 1 | AD31: =IF(J31="",IF(AB31<=$J$73,1,0),J31) -> 0 | AE31: =IF(K31="",SUMPRODUCT(($K$5:$K$69="")*($H$5:$H$69<H31))+SUMPRODUCT((K$5:K31="")*($H$5:H31=H31)),"") -> 7 | AF31: =IF(K31="",SUMPRODUCT(($K$5:$K$69="")*($H$5:$H$69>H31))+SUMPRODUCT((K$5:K31="")*($H$5:H31=H31)),"") -> 33 | AG31: =IF(K31="",IF(AE31<=$K$73,1,0),K31) -> 1 | AH31: =IF(K31="",IF(AF31<=$K$73,1,0),K31) -> 0
A32: 05264 | B32: Entrerríos | C32: Norte | D32: Sin provincia asignada | E32: Original | F32: 21414 | G32: 21413.54 | H32: =IF(G32="",F32,G32) -> 21413.54 | I32: 1 | J32: 1 | K32: 1 | L32: ORT entregado desde dic-24; MDT entregado desde dic-24; GDB radicado IGAC (T31 p.72) | M32: =Y32*Resumen!$C$6+AC32*Resumen!$C$7+AG32*Resumen!$C$9 -> 1 | N32: =Z32*Resumen!$C$6+AD32*Resumen!$C$7+AH32*Resumen!$C$9 -> 1 | O32: =H32*M32 -> 21413.54 | P32: =H32*N32 -> 21413.54 | Q32: Radicado IGAC | R32: Radicado IGAC | S32: Radicado IGAC | T32: Radicado nuevamente al IGAC | U32: =H32*((Q32="Oficial")*Resumen!$C$6+(R32="Oficial")*Resumen!$C$7+(S32="Oficial")*Resumen!$C$9) -> 0 | V32: =IF(COUNTIF(I32:K32,1)>0,"Con entregas verificadas",IF(COUNTBLANK(I32:K32)>0,"Sin evidencia municipal","Sin entregas")) -> Con entregas verificadas | W32: =IF(I32="",SUMPRODUCT(($I$5:$I$69="")*($H$5:$H$69<H32))+SUMPRODUCT((I$5:I32="")*($H$5:H32=H32)),"") | X32: =IF(I32="",SUMPRODUCT(($I$5:$I$69="")*($H$5:$H$69>H32))+SUMPRODUCT((I$5:I32="")*($H$5:H32=H32)),"") | Y32: =IF(I32="",IF(W32<=$I$73,1,0),I32) -> 1 | Z32: =IF(I32="",IF(X32<=$I$73,1,0),I32) -> 1 | AA32: =IF(J32="",SUMPRODUCT(($J$5:$J$69="")*($H$5:$H$69<H32))+SUMPRODUCT((J$5:J32="")*($H$5:H32=H32)),"") | AB32: =IF(J32="",SUMPRODUCT(($J$5:$J$69="")*($H$5:$H$69>H32))+SUMPRODUCT((J$5:J32="")*($H$5:H32=H32)),"") | AC32: =IF(J32="",IF(AA32<=$J$73,1,0),J32) -> 1 | AD32: =IF(J32="",IF(AB32<=$J$73,1,0),J32) -> 1 | AE32: =IF(K32="",SUMPRODUCT(($K$5:$K$69="")*($H$5:$H$69<H32))+SUMPRODUCT((K$5:K32="")*($H$5:H32=H32)),"") | AF32: =IF(K32="",SUMPRODUCT(($K$5:$K$69="")*($H$5:$H$69>H32))+SUMPRODUCT((K$5:K32="")*($H$5:H32=H32)),"") | AG32: =IF(K32="",IF(AE32<=$K$73,1,0),K32) -> 1 | AH32: =IF(K32="",IF(AF32<=$K$73,1,0),K32) -> 1
A33: 05284 | B33: Frontino | C33: Occidente | D33: Sin provincia asignada | E33: Original | F33: 142539 | H33: =IF(G33="",F33,G33) -> 142539 | L33: Sin desagregar por municipio en el informe | M33: =Y33*Resumen!$C$6+AC33*Resumen!$C$7+AG33*Resumen!$C$9 -> 0 | N33: =Z33*Resumen!$C$6+AD33*Resumen!$C$7+AH33*Resumen!$C$9 -> 1 | O33: =H33*M33 -> 0 | P33: =H33*N33 -> 142539 | U33: =H33*((Q33="Oficial")*Resumen!$C$6+(R33="Oficial")*Resumen!$C$7+(S33="Oficial")*Resumen!$C$9) -> 0 | V33: =IF(COUNTIF(I33:K33,1)>0,"Con entregas verificadas",IF(COUNTBLANK(I33:K33)>0,"Sin evidencia municipal","Sin entregas")) -> Sin evidencia municipal | W33: =IF(I33="",SUMPRODUCT(($I$5:$I$69="")*($H$5:$H$69<H33))+SUMPRODUCT((I$5:I33="")*($H$5:H33=H33)),"") -> 42 | X33: =IF(I33="",SUMPRODUCT(($I$5:$I$69="")*($H$5:$H$69>H33))+SUMPRODUCT((I$5:I33="")*($H$5:H33=H33)),"") -> 7 | Y33: =IF(I33="",IF(W33<=$I$73,1,0),I33) -> 0 | Z33: =IF(I33="",IF(X33<=$I$73,1,0),I33) -> 1 | AA33: =IF(J33="",SUMPRODUCT(($J$5:$J$69="")*($H$5:$H$69<H33))+SUMPRODUCT((J$5:J33="")*($H$5:H33=H33)),"") -> 42 | AB33: =IF(J33="",SUMPRODUCT(($J$5:$J$69="")*($H$5:$H$69>H33))+SUMPRODUCT((J$5:J33="")*($H$5:H33=H33)),"") -> 7 | AC33: =IF(J33="",IF(AA33<=$J$73,1,0),J33) -> 0 | AD33: =IF(J33="",IF(AB33<=$J$73,1,0),J33) -> 1 | AE33: =IF(K33="",SUMPRODUCT(($K$5:$K$69="")*($H$5:$H$69<H33))+SUMPRODUCT((K$5:K33="")*($H$5:H33=H33)),"") -> 33 | AF33: =IF(K33="",SUMPRODUCT(($K$5:$K$69="")*($H$5:$H$69>H33))+SUMPRODUCT((K$5:K33="")*($H$5:H33=H33)),"") -> 7 | AG33: =IF(K33="",IF(AE33<=$K$73,1,0),K33) -> 0 | AH33: =IF(K33="",IF(AF33<=$K$73,1,0),K33) -> 1
A34: 05306 | B34: Giraldo | C34: Occidente | D34: Sin provincia asignada | E34: Original | F34: 9349 | H34: =IF(G34="",F34,G34) -> 9349 | L34: Sin desagregar por municipio en el informe | M34: =Y34*Resumen!$C$6+AC34*Resumen!$C$7+AG34*Resumen!$C$9 -> 1 | N34: =Z34*Resumen!$C$6+AD34*Resumen!$C$7+AH34*Resumen!$C$9 -> 0 | O34: =H34*M34 -> 9349 | P34: =H34*N34 -> 0 | U34: =H34*((Q34="Oficial")*Resumen!$C$6+(R34="Oficial")*Resumen!$C$7+(S34="Oficial")*Resumen!$C$9) -> 0 | V34: =IF(COUNTIF(I34:K34,1)>0,"Con entregas verificadas",IF(COUNTBLANK(I34:K34)>0,"Sin evidencia municipal","Sin entregas")) -> Sin evidencia municipal | W34: =IF(I34="",SUMPRODUCT(($I$5:$I$69="")*($H$5:$H$69<H34))+SUMPRODUCT((I$5:I34="")*($H$5:H34=H34)),"") -> 1 | X34: =IF(I34="",SUMPRODUCT(($I$5:$I$69="")*($H$5:$H$69>H34))+SUMPRODUCT((I$5:I34="")*($H$5:H34=H34)),"") -> 48 | Y34: =IF(I34="",IF(W34<=$I$73,1,0),I34) -> 1 | Z34: =IF(I34="",IF(X34<=$I$73,1,0),I34) -> 0 | AA34: =IF(J34="",SUMPRODUCT(($J$5:$J$69="")*($H$5:$H$69<H34))+SUMPRODUCT((J$5:J34="")*($H$5:H34=H34)),"") -> 1 | AB34: =IF(J34="",SUMPRODUCT(($J$5:$J$69="")*($H$5:$H$69>H34))+SUMPRODUCT((J$5:J34="")*($H$5:H34=H34)),"") -> 48 | AC34: =IF(J34="",IF(AA34<=$J$73,1,0),J34) -> 1 | AD34: =IF(J34="",IF(AB34<=$J$73,1,0),J34) -> 0 | AE34: =IF(K34="",SUMPRODUCT(($K$5:$K$69="")*($H$5:$H$69<H34))+SUMPRODUCT((K$5:K34="")*($H$5:H34=H34)),"") -> 1 | AF34: =IF(K34="",SUMPRODUCT(($K$5:$K$69="")*($H$5:$H$69>H34))+SUMPRODUCT((K$5:K34="")*($H$5:H34=H34)),"") -> 39 | AG34: =IF(K34="",IF(AE34<=$K$73,1,0),K34) -> 1 | AH34: =IF(K34="",IF(AF34<=$K$73,1,0),K34) -> 0
A35: 05315 | B35: Guadalupe | C35: Norte | D35: Sin provincia asignada | E35: Original | F35: 11825 | H35: =IF(G35="",F35,G35) -> 11825 | L35: Sin desagregar por municipio en el informe | M35: =Y35*Resumen!$C$6+AC35*Resumen!$C$7+AG35*Resumen!$C$9 -> 1 | N35: =Z35*Resumen!$C$6+AD35*Resumen!$C$7+AH35*Resumen!$C$9 -> 0 | O35: =H35*M35 -> 11825 | P35: =H35*N35 -> 0 | U35: =H35*((Q35="Oficial")*Resumen!$C$6+(R35="Oficial")*Resumen!$C$7+(S35="Oficial")*Resumen!$C$9) -> 0 | V35: =IF(COUNTIF(I35:K35,1)>0,"Con entregas verificadas",IF(COUNTBLANK(I35:K35)>0,"Sin evidencia municipal","Sin entregas")) -> Sin evidencia municipal | W35: =IF(I35="",SUMPRODUCT(($I$5:$I$69="")*($H$5:$H$69<H35))+SUMPRODUCT((I$5:I35="")*($H$5:H35=H35)),"") -> 3 | X35: =IF(I35="",SUMPRODUCT(($I$5:$I$69="")*($H$5:$H$69>H35))+SUMPRODUCT((I$5:I35="")*($H$5:H35=H35)),"") -> 46 | Y35: =IF(I35="",IF(W35<=$I$73,1,0),I35) -> 1 | Z35: =IF(I35="",IF(X35<=$I$73,1,0),I35) -> 0 | AA35: =IF(J35="",SUMPRODUCT(($J$5:$J$69="")*($H$5:$H$69<H35))+SUMPRODUCT((J$5:J35="")*($H$5:H35=H35)),"") -> 3 | AB35: =IF(J35="",SUMPRODUCT(($J$5:$J$69="")*($H$5:$H$69>H35))+SUMPRODUCT((J$5:J35="")*($H$5:H35=H35)),"") -> 46 | AC35: =IF(J35="",IF(AA35<=$J$73,1,0),J35) -> 1 | AD35: =IF(J35="",IF(AB35<=$J$73,1,0),J35) -> 0 | AE35: =IF(K35="",SUMPRODUCT(($K$5:$K$69="")*($H$5:$H$69<H35))+SUMPRODUCT((K$5:K35="")*($H$5:H35=H35)),"") -> 2 | AF35: =IF(K35="",SUMPRODUCT(($K$5:$K$69="")*($H$5:$H$69>H35))+SUMPRODUCT((K$5:K35="")*($H$5:H35=H35)),"") -> 38 | AG35: =IF(K35="",IF(AE35<=$K$73,1,0),K35) -> 1 | AH35: =IF(K35="",IF(AF35<=$K$73,1,0),K35) -> 0
A36: 05347 | B36: Heliconia | C36: Occidente | D36: Sin provincia asignada | E36: Original | F36: 11493 | H36: =IF(G36="",F36,G36) -> 11493 | K36: 0 | L36: GDB atrasado (Fig.2 p.73) | M36: =Y36*Resumen!$C$6+AC36*Resumen!$C$7+AG36*Resumen!$C$9 -> 0.9 | N36: =Z36*Resumen!$C$6+AD36*Resumen!$C$7+AH36*Resumen!$C$9 -> 0 | O36: =H36*M36 -> 10343.7 | P36: =H36*N36 -> 0 | U36: =H36*((Q36="Oficial")*Resumen!$C$6+(R36="Oficial")*Resumen!$C$7+(S36="Oficial")*Resumen!$C$9) -> 0 | V36: =IF(COUNTIF(I36:K36,1)>0,"Con entregas verificadas",IF(COUNTBLANK(I36:K36)>0,"Sin evidencia municipal","Sin entregas")) -> Sin evidencia municipal | W36: =IF(I36="",SUMPRODUCT(($I$5:$I$69="")*($H$5:$H$69<H36))+SUMPRODUCT((I$5:I36="")*($H$5:H36=H36)),"") -> 2 | X36: =IF(I36="",SUMPRODUCT(($I$5:$I$69="")*($H$5:$H$69>H36))+SUMPRODUCT((I$5:I36="")*($H$5:H36=H36)),"") -> 47 | Y36: =IF(I36="",IF(W36<=$I$73,1,0),I36) -> 1 | Z36: =IF(I36="",IF(X36<=$I$73,1,0),I36) -> 0 | AA36: =IF(J36="",SUMPRODUCT(($J$5:$J$69="")*($H$5:$H$69<H36))+SUMPRODUCT((J$5:J36="")*($H$5:H36=H36)),"") -> 2 | AB36: =IF(J36="",SUMPRODUCT(($J$5:$J$69="")*($H$5:$H$69>H36))+SUMPRODUCT((J$5:J36="")*($H$5:H36=H36)),"") -> 47 | AC36: =IF(J36="",IF(AA36<=$J$73,1,0),J36) -> 1 | AD36: =IF(J36="",IF(AB36<=$J$73,1,0),J36) -> 0 | AE36: =IF(K36="",SUMPRODUCT(($K$5:$K$69="")*($H$5:$H$69<H36))+SUMPRODUCT((K$5:K36="")*($H$5:H36=H36)),"") | AF36: =IF(K36="",SUMPRODUCT(($K$5:$K$69="")*($H$5:$H$69>H36))+SUMPRODUCT((K$5:K36="")*($H$5:H36=H36)),"") | AG36: =IF(K36="",IF(AE36<=$K$73,1,0),K36) -> 0 | AH36: =IF(K36="",IF(AF36<=$K$73,1,0),K36) -> 0
A37: 05411 | B37: Liborina | C37: Occidente | D37: Sin provincia asignada | E37: Original | F37: 21639 | H37: =IF(G37="",F37,G37) -> 21639 | K37: 0 | L37: GDB atrasado (Fig.2 p.73) | M37: =Y37*Resumen!$C$6+AC37*Resumen!$C$7+AG37*Resumen!$C$9 -> 0.9 | N37: =Z37*Resumen!$C$6+AD37*Resumen!$C$7+AH37*Resumen!$C$9 -> 0 | O37: =H37*M37 -> 19475.1 | P37: =H37*N37 -> 0 | U37: =H37*((Q37="Oficial")*Resumen!$C$6+(R37="Oficial")*Resumen!$C$7+(S37="Oficial")*Resumen!$C$9) -> 0 | V37: =IF(COUNTIF(I37:K37,1)>0,"Con entregas verificadas",IF(COUNTBLANK(I37:K37)>0,"Sin evidencia municipal","Sin entregas")) -> Sin evidencia municipal | W37: =IF(I37="",SUMPRODUCT(($I$5:$I$69="")*($H$5:$H$69<H37))+SUMPRODUCT((I$5:I37="")*($H$5:H37=H37)),"") -> 9 | X37: =IF(I37="",SUMPRODUCT(($I$5:$I$69="")*($H$5:$H$69>H37))+SUMPRODUCT((I$5:I37="")*($H$5:H37=H37)),"") -> 40 | Y37: =IF(I37="",IF(W37<=$I$73,1,0),I37) -> 1 | Z37: =IF(I37="",IF(X37<=$I$73,1,0),I37) -> 0 | AA37: =IF(J37="",SUMPRODUCT(($J$5:$J$69="")*($H$5:$H$69<H37))+SUMPRODUCT((J$5:J37="")*($H$5:H37=H37)),"") -> 9 | AB37: =IF(J37="",SUMPRODUCT(($J$5:$J$69="")*($H$5:$H$69>H37))+SUMPRODUCT((J$5:J37="")*($H$5:H37=H37)),"") -> 40 | AC37: =IF(J37="",IF(AA37<=$J$73,1,0),J37) -> 1 | AD37: =IF(J37="",IF(AB37<=$J$73,1,0),J37) -> 0 | AE37: =IF(K37="",SUMPRODUCT(($K$5:$K$69="")*($H$5:$H$69<H37))+SUMPRODUCT((K$5:K37="")*($H$5:H37=H37)),"") | AF37: =IF(K37="",SUMPRODUCT(($K$5:$K$69="")*($H$5:$H$69>H37))+SUMPRODUCT((K$5:K37="")*($H$5:H37=H37)),"") | AG37: =IF(K37="",IF(AE37<=$K$73,1,0),K37) -> 0 | AH37: =IF(K37="",IF(AF37<=$K$73,1,0),K37) -> 0
A38: 05425 | B38: Maceo | C38: Magdalena Medio | D38: Sin provincia asignada | E38: Original | F38: 45529 | H38: =IF(G38="",F38,G38) -> 45529 | L38: Sin desagregar por municipio en el informe | M38: =Y38*Resumen!$C$6+AC38*Resumen!$C$7+AG38*Resumen!$C$9 -> 0.9 | N38: =Z38*Resumen!$C$6+AD38*Resumen!$C$7+AH38*Resumen!$C$9 -> 0.9 | O38: =H38*M38 -> 40976.1 | P38: =H38*N38 -> 40976.1 | U38: =H38*((Q38="Oficial")*Resumen!$C$6+(R38="Oficial")*Resumen!$C$7+(S38="Oficial")*Resumen!$C$9) -> 0 | V38: =IF(COUNTIF(I38:K38,1)>0,"Con entregas verificadas",IF(COUNTBLANK(I38:K38)>0,"Sin evidencia municipal","Sin entregas")) -> Sin evidencia municipal | W38: =IF(I38="",SUMPRODUCT(($I$5:$I$69="")*($H$5:$H$69<H38))+SUMPRODUCT((I$5:I38="")*($H$5:H38=H38)),"") -> 28 | X38: =IF(I38="",SUMPRODUCT(($I$5:$I$69="")*($H$5:$H$69>H38))+SUMPRODUCT((I$5:I38="")*($H$5:H38=H38)),"") -> 21 | Y38: =IF(I38="",IF(W38<=$I$73,1,0),I38) -> 1 | Z38: =IF(I38="",IF(X38<=$I$73,1,0),I38) -> 1 | AA38: =IF(J38="",SUMPRODUCT(($J$5:$J$69="")*($H$5:$H$69<H38))+SUMPRODUCT((J$5:J38="")*($H$5:H38=H38)),"") -> 29 | AB38: =IF(J38="",SUMPRODUCT(($J$5:$J$69="")*($H$5:$H$69>H38))+SUMPRODUCT((J$5:J38="")*($H$5:H38=H38)),"") -> 20 | AC38: =IF(J38="",IF(AA38<=$J$73,1,0),J38) -> 1 | AD38: =IF(J38="",IF(AB38<=$J$73,1,0),J38) -> 1 | AE38: =IF(K38="",SUMPRODUCT(($K$5:$K$69="")*($H$5:$H$69<H38))+SUMPRODUCT((K$5:K38="")*($H$5:H38=H38)),"") -> 19 | AF38: =IF(K38="",SUMPRODUCT(($K$5:$K$69="")*($H$5:$H$69>H38))+SUMPRODUCT((K$5:K38="")*($H$5:H38=H38)),"") -> 21 | AG38: =IF(K38="",IF(AE38<=$K$73,1,0),K38) -> 0 | AH38: =IF(K38="",IF(AF38<=$K$73,1,0),K38) -> 0
A39: 05480 | B39: Mutatá | C39: Urabá | D39: Sin provincia asignada | E39: Original | F39: 109140 | H39: =IF(G39="",F39,G39) -> 109140 | L39: Sin desagregar por municipio en el informe | M39: =Y39*Resumen!$C$6+AC39*Resumen!$C$7+AG39*Resumen!$C$9 -> 0 | N39: =Z39*Resumen!$C$6+AD39*Resumen!$C$7+AH39*Resumen!$C$9 -> 1 | O39: =H39*M39 -> 0 | P39: =H39*N39 -> 109140 | U39: =H39*((Q39="Oficial")*Resumen!$C$6+(R39="Oficial")*Resumen!$C$7+(S39="Oficial")*Resumen!$C$9) -> 0 | V39: =IF(COUNTIF(I39:K39,1)>0,"Con entregas verificadas",IF(COUNTBLANK(I39:K39)>0,"Sin evidencia municipal","Sin entregas")) -> Sin evidencia municipal | W39: =IF(I39="",SUMPRODUCT(($I$5:$I$69="")*($H$5:$H$69<H39))+SUMPRODUCT((I$5:I39="")*($H$5:H39=H39)),"") -> 37 | X39: =IF(I39="",SUMPRODUCT(($I$5:$I$69="")*($H$5:$H$69>H39))+SUMPRODUCT((I$5:I39="")*($H$5:H39=H39)),"") -> 12 | Y39: =IF(I39="",IF(W39<=$I$73,1,0),I39) -> 0 | Z39: =IF(I39="",IF(X39<=$I$73,1,0),I39) -> 1 | AA39: =IF(J39="",SUMPRODUCT(($J$5:$J$69="")*($H$5:$H$69<H39))+SUMPRODUCT((J$5:J39="")*($H$5:H39=H39)),"") -> 37 | AB39: =IF(J39="",SUMPRODUCT(($J$5:$J$69="")*($H$5:$H$69>H39))+SUMPRODUCT((J$5:J39="")*($H$5:H39=H39)),"") -> 12 | AC39: =IF(J39="",IF(AA39<=$J$73,1,0),J39) -> 0 | AD39: =IF(J39="",IF(AB39<=$J$73,1,0),J39) -> 1 | AE39: =IF(K39="",SUMPRODUCT(($K$5:$K$69="")*($H$5:$H$69<H39))+SUMPRODUCT((K$5:K39="")*($H$5:H39=H39)),"") -> 27 | AF39: =IF(K39="",SUMPRODUCT(($K$5:$K$69="")*($H$5:$H$69>H39))+SUMPRODUCT((K$5:K39="")*($H$5:H39=H39)),"") -> 13 | AG39: =IF(K39="",IF(AE39<=$K$73,1,0),K39) -> 0 | AH39: =IF(K39="",IF(AF39<=$K$73,1,0),K39) -> 1
A40: 05490 | B40: Necoclí | C40: Urabá | D40: Sin provincia asignada | E40: Original | F40: 126064 | G40: 126063.91 | H40: =IF(G40="",F40,G40) -> 126063.91 | I40: 1 | J40: 1 | L40: ORT radicado IGAC (T31 p.72); MDT entregado desde dic-24 | M40: =Y40*Resumen!$C$6+AC40*Resumen!$C$7+AG40*Resumen!$C$9 -> 0.9 | N40: =Z40*Resumen!$C$6+AD40*Resumen!$C$7+AH40*Resumen!$C$9 -> 1 | O40: =H40*M40 -> 113457.52 | P40: =H40*N40 -> 126063.91 | Q40: Radicado IGAC | R40: Radicado IGAC | T40: Radicado nuevamente al IGAC | U40: =H40*((Q40="Oficial")*Resumen!$C$6+(R40="Oficial")*Resumen!$C$7+(S40="Oficial")*Resumen!$C$9) -> 0 | V40: =IF(COUNTIF(I40:K40,1)>0,"Con entregas verificadas",IF(COUNTBLANK(I40:K40)>0,"Sin evidencia municipal","Sin entregas")) -> Con entregas verificadas | W40: =IF(I40="",SUMPRODUCT(($I$5:$I$69="")*($H$5:$H$69<H40))+SUMPRODUCT((I$5:I40="")*($H$5:H40=H40)),"") | X40: =IF(I40="",SUMPRODUCT(($I$5:$I$69="")*($H$5:$H$69>H40))+SUMPRODUCT((I$5:I40="")*($H$5:H40=H40)),"") | Y40: =IF(I40="",IF(W40<=$I$73,1,0),I40) -> 1 | Z40: =IF(I40="",IF(X40<=$I$73,1,0),I40) -> 1 | AA40: =IF(J40="",SUMPRODUCT(($J$5:$J$69="")*($H$5:$H$69<H40))+SUMPRODUCT((J$5:J40="")*($H$5:H40=H40)),"") | AB40: =IF(J40="",SUMPRODUCT(($J$5:$J$69="")*($H$5:$H$69>H40))+SUMPRODUCT((J$5:J40="")*($H$5:H40=H40)),"") | AC40: =IF(J40="",IF(AA40<=$J$73,1,0),J40) -> 1 | AD40: =IF(J40="",IF(AB40<=$J$73,1,0),J40) -> 1 | AE40: =IF(K40="",SUMPRODUCT(($K$5:$K$69="")*($H$5:$H$69<H40))+SUMPRODUCT((K$5:K40="")*($H$5:H40=H40)),"") -> 29 | AF40: =IF(K40="",SUMPRODUCT(($K$5:$K$69="")*($H$5:$H$69>H40))+SUMPRODUCT((K$5:K40="")*($H$5:H40=H40)),"") -> 11 | AG40: =IF(K40="",IF(AE40<=$K$73,1,0),K40) -> 0 | AH40: =IF(K40="",IF(AF40<=$K$73,1,0),K40) -> 1
A41: 05501 | B41: Olaya | C41: Occidente | D41: Sin provincia asignada | E41: Original | F41: 9952 | G41: 9952.2 | H41: =IF(G41="",F41,G41) -> 9952.2 | I41: 1 | J41: 1 | K41: 1 | L41: ORT entregado desde dic-24; MDT entregado desde dic-24; GDB radicado IGAC (T31 p.72) | M41: =Y41*Resumen!$C$6+AC41*Resumen!$C$7+AG41*Resumen!$C$9 -> 1 | N41: =Z41*Resumen!$C$6+AD41*Resumen!$C$7+AH41*Resumen!$C$9 -> 1 | O41: =H41*M41 -> 9952.2 | P41: =H41*N41 -> 9952.2 | Q41: Radicado IGAC | R41: Radicado IGAC | S41: Radicado IGAC | T41: Radicado nuevamente al IGAC | U41: =H41*((Q41="Oficial")*Resumen!$C$6+(R41="Oficial")*Resumen!$C$7+(S41="Oficial")*Resumen!$C$9) -> 0 | V41: =IF(COUNTIF(I41:K41,1)>0,"Con entregas verificadas",IF(COUNTBLANK(I41:K41)>0,"Sin evidencia municipal","Sin entregas")) -> Con entregas verificadas | W41: =IF(I41="",SUMPRODUCT(($I$5:$I$69="")*($H$5:$H$69<H41))+SUMPRODUCT((I$5:I41="")*($H$5:H41=H41)),"") | X41: =IF(I41="",SUMPRODUCT(($I$5:$I$69="")*($H$5:$H$69>H41))+SUMPRODUCT((I$5:I41="")*($H$5:H41=H41)),"") | Y41: =IF(I41="",IF(W41<=$I$73,1,0),I41) -> 1 | Z41: =IF(I41="",IF(X41<=$I$73,1,0),I41) -> 1 | AA41: =IF(J41="",SUMPRODUCT(($J$5:$J$69="")*($H$5:$H$69<H41))+SUMPRODUCT((J$5:J41="")*($H$5:H41=H41)),"") | AB41: =IF(J41="",SUMPRODUCT(($J$5:$J$69="")*($H$5:$H$69>H41))+SUMPRODUCT((J$5:J41="")*($H$5:H41=H41)),"") | AC41: =IF(J41="",IF(AA41<=$J$73,1,0),J41) -> 1 | AD41: =IF(J41="",IF(AB41<=$J$73,1,0),J41) -> 1 | AE41: =IF(K41="",SUMPRODUCT(($K$5:$K$69="")*($H$5:$H$69<H41))+SUMPRODUCT((K$5:K41="")*($H$5:H41=H41)),"") | AF41: =IF(K41="",SUMPRODUCT(($K$5:$K$69="")*($H$5:$H$69>H41))+SUMPRODUCT((K$5:K41="")*($H$5:H41=H41)),"") | AG41: =IF(K41="",IF(AE41<=$K$73,1,0),K41) -> 1 | AH41: =IF(K41="",IF(AF41<=$K$73,1,0),K41) -> 1
A42: 05543 | B42: Peque | C42: Occidente | D42: Sin provincia asignada | E42: Original | F42: 43404 | H42: =IF(G42="",F42,G42) -> 43404 | L42: Sin desagregar por municipio en el informe | M42: =Y42*Resumen!$C$6+AC42*Resumen!$C$7+AG42*Resumen!$C$9 -> 0.9 | N42: =Z42*Resumen!$C$6+AD42*Resumen!$C$7+AH42*Resumen!$C$9 -> 0.9 | O42: =H42*M42 -> 39063.6 | P42: =H42*N42 -> 39063.6 | U42: =H42*((Q42="Oficial")*Resumen!$C$6+(R42="Oficial")*Resumen!$C$7+(S42="Oficial")*Resumen!$C$9) -> 0 | V42: =IF(COUNTIF(I42:K42,1)>0,"Con entregas verificadas",IF(COUNTBLANK(I42:K42)>0,"Sin evidencia municipal","Sin entregas")) -> Sin evidencia municipal | W42: =IF(I42="",SUMPRODUCT(($I$5:$I$69="")*($H$5:$H$69<H42))+SUMPRODUCT((I$5:I42="")*($H$5:H42=H42)),"") -> 26 | X42: =IF(I42="",SUMPRODUCT(($I$5:$I$69="")*($H$5:$H$69>H42))+SUMPRODUCT((I$5:I42="")*($H$5:H42=H42)),"") -> 23 | Y42: =IF(I42="",IF(W42<=$I$73,1,0),I42) -> 1 | Z42: =IF(I42="",IF(X42<=$I$73,1,0),I42) -> 1 | AA42: =IF(J42="",SUMPRODUCT(($J$5:$J$69="")*($H$5:$H$69<H42))+SUMPRODUCT((J$5:J42="")*($H$5:H42=H42)),"") -> 27 | AB42: =IF(J42="",SUMPRODUCT(($J$5:$J$69="")*($H$5:$H$69>H42))+SUMPRODUCT((J$5:J42="")*($H$5:H42=H42)),"") -> 22 | AC42: =IF(J42="",IF(AA42<=$J$73,1,0),J42) -> 1 | AD42: =IF(J42="",IF(AB42<=$J$73,1,0),J42) -> 1 | AE42: =IF(K42="",SUMPRODUCT(($K$5:$K$69="")*($H$5:$H$69<H42))+SUMPRODUCT((K$5:K42="")*($H$5:H42=H42)),"") -> 17 | AF42: =IF(K42="",SUMPRODUCT(($K$5:$K$69="")*($H$5:$H$69>H42))+SUMPRODUCT((K$5:K42="")*($H$5:H42=H42)),"") -> 23 | AG42: =IF(K42="",IF(AE42<=$K$73,1,0),K42) -> 0 | AH42: =IF(K42="",IF(AF42<=$K$73,1,0),K42) -> 0
A43: 05579 | B43: Puerto Berrío | C43: Magdalena Medio | D43: Sin provincia asignada | E43: Original | F43: 121893 | G43: 121893.16 | H43: =IF(G43="",F43,G43) -> 121893.16 | I43: 1 | J43: 1 | K43: 1 | L43: ORT entregado desde dic-24; MDT entregado desde dic-24; GDB radicado IGAC (T31 p.72) | M43: =Y43*Resumen!$C$6+AC43*Resumen!$C$7+AG43*Resumen!$C$9 -> 1 | N43: =Z43*Resumen!$C$6+AD43*Resumen!$C$7+AH43*Resumen!$C$9 -> 1 | O43: =H43*M43 -> 121893.16 | P43: =H43*N43 -> 121893.16 | Q43: Radicado IGAC | S43: Radicado IGAC | T43: Aprobado FC, Orto conforme | U43: =H43*((Q43="Oficial")*Resumen!$C$6+(R43="Oficial")*Resumen!$C$7+(S43="Oficial")*Resumen!$C$9) -> 0 | V43: =IF(COUNTIF(I43:K43,1)>0,"Con entregas verificadas",IF(COUNTBLANK(I43:K43)>0,"Sin evidencia municipal","Sin entregas")) -> Con entregas verificadas | W43: =IF(I43="",SUMPRODUCT(($I$5:$I$69="")*($H$5:$H$69<H43))+SUMPRODUCT((I$5:I43="")*($H$5:H43=H43)),"") | X43: =IF(I43="",SUMPRODUCT(($I$5:$I$69="")*($H$5:$H$69>H43))+SUMPRODUCT((I$5:I43="")*($H$5:H43=H43)),"") | Y43: =IF(I43="",IF(W43<=$I$73,1,0),I43) -> 1 | Z43: =IF(I43="",IF(X43<=$I$73,1,0),I43) -> 1 | AA43: =IF(J43="",SUMPRODUCT(($J$5:$J$69="")*($H$5:$H$69<H43))+SUMPRODUCT((J$5:J43="")*($H$5:H43=H43)),"") | AB43: =IF(J43="",SUMPRODUCT(($J$5:$J$69="")*($H$5:$H$69>H43))+SUMPRODUCT((J$5:J43="")*($H$5:H43=H43)),"") | AC43: =IF(J43="",IF(AA43<=$J$73,1,0),J43) -> 1 | AD43: =IF(J43="",IF(AB43<=$J$73,1,0),J43) -> 1 | AE43: =IF(K43="",SUMPRODUCT(($K$5:$K$69="")*($H$5:$H$69<H43))+SUMPRODUCT((K$5:K43="")*($H$5:H43=H43)),"") | AF43: =IF(K43="",SUMPRODUCT(($K$5:$K$69="")*($H$5:$H$69>H43))+SUMPRODUCT((K$5:K43="")*($H$5:H43=H43)),"") | AG43: =IF(K43="",IF(AE43<=$K$73,1,0),K43) -> 1 | AH43: =IF(K43="",IF(AF43<=$K$73,1,0),K43) -> 1
A44: 05585 | B44: Puerto Nare | C44: Magdalena Medio | D44: Sin provincia asignada | E44: Original | F44: 57907 | G44: 57906.71 | H44: =IF(G44="",F44,G44) -> 57906.71 | I44: 1 | J44: 1 | L44: ORT entregado desde dic-24; MDT entregado desde dic-24 | M44: =Y44*Resumen!$C$6+AC44*Resumen!$C$7+AG44*Resumen!$C$9 -> 0.9 | N44: =Z44*Resumen!$C$6+AD44*Resumen!$C$7+AH44*Resumen!$C$9 -> 0.9 | O44: =H44*M44 -> 52116.039 | P44: =H44*N44 -> 52116.039 | Q44: Radicado IGAC | R44: Radicado IGAC | T44: Aprobado CT | U44: =H44*((Q44="Oficial")*Resumen!$C$6+(R44="Oficial")*Resumen!$C$7+(S44="Oficial")*Resumen!$C$9) -> 0 | V44: =IF(COUNTIF(I44:K44,1)>0,"Con entregas verificadas",IF(COUNTBLANK(I44:K44)>0,"Sin evidencia municipal","Sin entregas")) -> Con entregas verificadas | W44: =IF(I44="",SUMPRODUCT(($I$5:$I$69="")*($H$5:$H$69<H44))+SUMPRODUCT((I$5:I44="")*($H$5:H44=H44)),"") | X44: =IF(I44="",SUMPRODUCT(($I$5:$I$69="")*($H$5:$H$69>H44))+SUMPRODUCT((I$5:I44="")*($H$5:H44=H44)),"") | Y44: =IF(I44="",IF(W44<=$I$73,1,0),I44) -> 1 | Z44: =IF(I44="",IF(X44<=$I$73,1,0),I44) -> 1 | AA44: =IF(J44="",SUMPRODUCT(($J$5:$J$69="")*($H$5:$H$69<H44))+SUMPRODUCT((J$5:J44="")*($H$5:H44=H44)),"") | AB44: =IF(J44="",SUMPRODUCT(($J$5:$J$69="")*($H$5:$H$69>H44))+SUMPRODUCT((J$5:J44="")*($H$5:H44=H44)),"") | AC44: =IF(J44="",IF(AA44<=$J$73,1,0),J44) -> 1 | AD44: =IF(J44="",IF(AB44<=$J$73,1,0),J44) -> 1 | AE44: =IF(K44="",SUMPRODUCT(($K$5:$K$69="")*($H$5:$H$69<H44))+SUMPRODUCT((K$5:K44="")*($H$5:H44=H44)),"") -> 23 | AF44: =IF(K44="",SUMPRODUCT(($K$5:$K$69="")*($H$5:$H$69>H44))+SUMPRODUCT((K$5:K44="")*($H$5:H44=H44)),"") -> 17 | AG44: =IF(K44="",IF(AE44<=$K$73,1,0),K44) -> 0 | AH44: =IF(K44="",IF(AF44<=$K$73,1,0),K44) -> 0
A45: 05591 | B45: Puerto Triunfo | C45: Magdalena Medio | D45: Sin provincia asignada | E45: Original | F45: 37194 | G45: 37194.19 | H45: =IF(G45="",F45,G45) -> 37194.19 | I45: 1 | J45: 1 | K45: 1 | L45: ORT entregado desde dic-24; MDT entregado desde dic-24; GDB radicado IGAC (T31 p.72) | M45: =Y45*Resumen!$C$6+AC45*Resumen!$C$7+AG45*Resumen!$C$9 -> 1 | N45: =Z45*Resumen!$C$6+AD45*Resumen!$C$7+AH45*Resumen!$C$9 -> 1 | O45: =H45*M45 -> 37194.19 | P45: =H45*N45 -> 37194.19 | Q45: Radicado IGAC | R45: Radicado IGAC | S45: Radicado IGAC | T45: Conforme | U45: =H45*((Q45="Oficial")*Resumen!$C$6+(R45="Oficial")*Resumen!$C$7+(S45="Oficial")*Resumen!$C$9) -> 0 | V45: =IF(COUNTIF(I45:K45,1)>0,"Con entregas verificadas",IF(COUNTBLANK(I45:K45)>0,"Sin evidencia municipal","Sin entregas")) -> Con entregas verificadas | W45: =IF(I45="",SUMPRODUCT(($I$5:$I$69="")*($H$5:$H$69<H45))+SUMPRODUCT((I$5:I45="")*($H$5:H45=H45)),"") | X45: =IF(I45="",SUMPRODUCT(($I$5:$I$69="")*($H$5:$H$69>H45))+SUMPRODUCT((I$5:I45="")*($H$5:H45=H45)),"") | Y45: =IF(I45="",IF(W45<=$I$73,1,0),I45) -> 1 | Z45: =IF(I45="",IF(X45<=$I$73,1,0),I45) -> 1 | AA45: =IF(J45="",SUMPRODUCT(($J$5:$J$69="")*($H$5:$H$69<H45))+SUMPRODUCT((J$5:J45="")*($H$5:H45=H45)),"") | AB45: =IF(J45="",SUMPRODUCT(($J$5:$J$69="")*($H$5:$H$69>H45))+SUMPRODUCT((J$5:J45="")*($H$5:H45=H45)),"") | AC45: =IF(J45="",IF(AA45<=$J$73,1,0),J45) -> 1 | AD45: =IF(J45="",IF(AB45<=$J$73,1,0),J45) -> 1 | AE45: =IF(K45="",SUMPRODUCT(($K$5:$K$69="")*($H$5:$H$69<H45))+SUMPRODUCT((K$5:K45="")*($H$5:H45=H45)),"") | AF45: =IF(K45="",SUMPRODUCT(($K$5:$K$69="")*($H$5:$H$69>H45))+SUMPRODUCT((K$5:K45="")*($H$5:H45=H45)),"") | AG45: =IF(K45="",IF(AE45<=$K$73,1,0),K45) -> 1 | AH45: =IF(K45="",IF(AF45<=$K$73,1,0),K45) -> 1
A46: 05604 | B46: Remedios | C46: Nordeste | D46: Sin provincia asignada | E46: Original | F46: 196582 | H46: =IF(G46="",F46,G46) -> 196582 | K46: 0 | L46: GDB atrasado (Fig.2 p.73) | M46: =Y46*Resumen!$C$6+AC46*Resumen!$C$7+AG46*Resumen!$C$9 -> 0 | N46: =Z46*Resumen!$C$6+AD46*Resumen!$C$7+AH46*Resumen!$C$9 -> 0.9 | O46: =H46*M46 -> 0 | P46: =H46*N46 -> 176923.8 | U46: =H46*((Q46="Oficial")*Resumen!$C$6+(R46="Oficial")*Resumen!$C$7+(S46="Oficial")*Resumen!$C$9) -> 0 | V46: =IF(COUNTIF(I46:K46,1)>0,"Con entregas verificadas",IF(COUNTBLANK(I46:K46)>0,"Sin evidencia municipal","Sin entregas")) -> Sin evidencia municipal | W46: =IF(I46="",SUMPRODUCT(($I$5:$I$69="")*($H$5:$H$69<H46))+SUMPRODUCT((I$5:I46="")*($H$5:H46=H46)),"") -> 47 | X46: =IF(I46="",SUMPRODUCT(($I$5:$I$69="")*($H$5:$H$69>H46))+SUMPRODUCT((I$5:I46="")*($H$5:H46=H46)),"") -> 2 | Y46: =IF(I46="",IF(W46<=$I$73,1,0),I46) -> 0 | Z46: =IF(I46="",IF(X46<=$I$73,1,0),I46) -> 1 | AA46: =IF(J46="",SUMPRODUCT(($J$5:$J$69="")*($H$5:$H$69<H46))+SUMPRODUCT((J$5:J46="")*($H$5:H46=H46)),"") -> 47 | AB46: =IF(J46="",SUMPRODUCT(($J$5:$J$69="")*($H$5:$H$69>H46))+SUMPRODUCT((J$5:J46="")*($H$5:H46=H46)),"") -> 2 | AC46: =IF(J46="",IF(AA46<=$J$73,1,0),J46) -> 0 | AD46: =IF(J46="",IF(AB46<=$J$73,1,0),J46) -> 1 | AE46: =IF(K46="",SUMPRODUCT(($K$5:$K$69="")*($H$5:$H$69<H46))+SUMPRODUCT((K$5:K46="")*($H$5:H46=H46)),"") | AF46: =IF(K46="",SUMPRODUCT(($K$5:$K$69="")*($H$5:$H$69>H46))+SUMPRODUCT((K$5:K46="")*($H$5:H46=H46)),"") | AG46: =IF(K46="",IF(AE46<=$K$73,1,0),K46) -> 0 | AH46: =IF(K46="",IF(AF46<=$K$73,1,0),K46) -> 0
A47: 05647 | B47: San Andrés de Cuerquia | C47: Norte | D47: Sin provincia asignada | E47: Original | F47: 20682 | H47: =IF(G47="",F47,G47) -> 20682 | L47: Sin desagregar por municipio en el informe | M47: =Y47*Resumen!$C$6+AC47*Resumen!$C$7+AG47*Resumen!$C$9 -> 1 | N47: =Z47*Resumen!$C$6+AD47*Resumen!$C$7+AH47*Resumen!$C$9 -> 0 | O47: =H47*M47 -> 20682 | P47: =H47*N47 -> 0 | U47: =H47*((Q47="Oficial")*Resumen!$C$6+(R47="Oficial")*Resumen!$C$7+(S47="Oficial")*Resumen!$C$9) -> 0 | V47: =IF(COUNTIF(I47:K47,1)>0,"Con entregas verificadas",IF(COUNTBLANK(I47:K47)>0,"Sin evidencia municipal","Sin entregas")) -> Sin evidencia municipal | W47: =IF(I47="",SUMPRODUCT(($I$5:$I$69="")*($H$5:$H$69<H47))+SUMPRODUCT((I$5:I47="")*($H$5:H47=H47)),"") -> 8 | X47: =IF(I47="",SUMPRODUCT(($I$5:$I$69="")*($H$5:$H$69>H47))+SUMPRODUCT((I$5:I47="")*($H$5:H47=H47)),"") -> 41 | Y47: =IF(I47="",IF(W47<=$I$73,1,0),I47) -> 1 | Z47: =IF(I47="",IF(X47<=$I$73,1,0),I47) -> 0 | AA47: =IF(J47="",SUMPRODUCT(($J$5:$J$69="")*($H$5:$H$69<H47))+SUMPRODUCT((J$5:J47="")*($H$5:H47=H47)),"") -> 8 | AB47: =IF(J47="",SUMPRODUCT(($J$5:$J$69="")*($H$5:$H$69>H47))+SUMPRODUCT((J$5:J47="")*($H$5:H47=H47)),"") -> 41 | AC47: =IF(J47="",IF(AA47<=$J$73,1,0),J47) -> 1 | AD47: =IF(J47="",IF(AB47<=$J$73,1,0),J47) -> 0 | AE47: =IF(K47="",SUMPRODUCT(($K$5:$K$69="")*($H$5:$H$69<H47))+SUMPRODUCT((K$5:K47="")*($H$5:H47=H47)),"") -> 4 | AF47: =IF(K47="",SUMPRODUCT(($K$5:$K$69="")*($H$5:$H$69>H47))+SUMPRODUCT((K$5:K47="")*($H$5:H47=H47)),"") -> 36 | AG47: =IF(K47="",IF(AE47<=$K$73,1,0),K47) -> 1 | AH47: =IF(K47="",IF(AF47<=$K$73,1,0),K47) -> 0
A48: 05658 | B48: San José de la Montaña | C48: Norte | D48: Sin provincia asignada | E48: Original | F48: 12605 | H48: =IF(G48="",F48,G48) -> 12605 | L48: Sin desagregar por municipio en el informe | M48: =Y48*Resumen!$C$6+AC48*Resumen!$C$7+AG48*Resumen!$C$9 -> 1 | N48: =Z48*Resumen!$C$6+AD48*Resumen!$C$7+AH48*Resumen!$C$9 -> 0 | O48: =H48*M48 -> 12605 | P48: =H48*N48 -> 0 | U48: =H48*((Q48="Oficial")*Resumen!$C$6+(R48="Oficial")*Resumen!$C$7+(S48="Oficial")*Resumen!$C$9) -> 0 | V48: =IF(COUNTIF(I48:K48,1)>0,"Con entregas verificadas",IF(COUNTBLANK(I48:K48)>0,"Sin evidencia municipal","Sin entregas")) -> Sin evidencia municipal | W48: =IF(I48="",SUMPRODUCT(($I$5:$I$69="")*($H$5:$H$69<H48))+SUMPRODUCT((I$5:I48="")*($H$5:H48=H48)),"") -> 4 | X48: =IF(I48="",SUMPRODUCT(($I$5:$I$69="")*($H$5:$H$69>H48))+SUMPRODUCT((I$5:I48="")*($H$5:H48=H48)),"") -> 45 | Y48: =IF(I48="",IF(W48<=$I$73,1,0),I48) -> 1 | Z48: =IF(I48="",IF(X48<=$I$73,1,0),I48) -> 0 | AA48: =IF(J48="",SUMPRODUCT(($J$5:$J$69="")*($H$5:$H$69<H48))+SUMPRODUCT((J$5:J48="")*($H$5:H48=H48)),"") -> 4 | AB48: =IF(J48="",SUMPRODUCT(($J$5:$J$69="")*($H$5:$H$69>H48))+SUMPRODUCT((J$5:J48="")*($H$5:H48=H48)),"") -> 45 | AC48: =IF(J48="",IF(AA48<=$J$73,1,0),J48) -> 1 | AD48: =IF(J48="",IF(AB48<=$J$73,1,0),J48) -> 0 | AE48: =IF(K48="",SUMPRODUCT(($K$5:$K$69="")*($H$5:$H$69<H48))+SUMPRODUCT((K$5:K48="")*($H$5:H48=H48)),"") -> 3 | AF48: =IF(K48="",SUMPRODUCT(($K$5:$K$69="")*($H$5:$H$69>H48))+SUMPRODUCT((K$5:K48="")*($H$5:H48=H48)),"") -> 37 | AG48: =IF(K48="",IF(AE48<=$K$73,1,0),K48) -> 1 | AH48: =IF(K48="",IF(AF48<=$K$73,1,0),K48) -> 0
A49: 05659 | B49: San Juan de Urabá | C49: Urabá | D49: Sin provincia asignada | E49: Original | F49: 27208 | G49: 27208.01 | H49: =IF(G49="",F49,G49) -> 27208.01 | I49: 1 | J49: 1 | K49: 1 | L49: ORT entregado desde dic-24; MDT entregado desde dic-24; GDB radicado IGAC (T31 p.72) | M49: =Y49*Resumen!$C$6+AC49*Resumen!$C$7+AG49*Resumen!$C$9 -> 1 | N49: =Z49*Resumen!$C$6+AD49*Resumen!$C$7+AH49*Resumen!$C$9 -> 1 | O49: =H49*M49 -> 27208.01 | P49: =H49*N49 -> 27208.01 | Q49: Radicado IGAC | R49: Radicado IGAC | S49: Radicado IGAC | T49: Radicado nuevamente al IGAC | U49: =H49*((Q49="Oficial")*Resumen!$C$6+(R49="Oficial")*Resumen!$C$7+(S49="Oficial")*Resumen!$C$9) -> 0 | V49: =IF(COUNTIF(I49:K49,1)>0,"Con entregas verificadas",IF(COUNTBLANK(I49:K49)>0,"Sin evidencia municipal","Sin entregas")) -> Con entregas verificadas | W49: =IF(I49="",SUMPRODUCT(($I$5:$I$69="")*($H$5:$H$69<H49))+SUMPRODUCT((I$5:I49="")*($H$5:H49=H49)),"") | X49: =IF(I49="",SUMPRODUCT(($I$5:$I$69="")*($H$5:$H$69>H49))+SUMPRODUCT((I$5:I49="")*($H$5:H49=H49)),"") | Y49: =IF(I49="",IF(W49<=$I$73,1,0),I49) -> 1 | Z49: =IF(I49="",IF(X49<=$I$73,1,0),I49) -> 1 | AA49: =IF(J49="",SUMPRODUCT(($J$5:$J$69="")*($H$5:$H$69<H49))+SUMPRODUCT((J$5:J49="")*($H$5:H49=H49)),"") | AB49: =IF(J49="",SUMPRODUCT(($J$5:$J$69="")*($H$5:$H$69>H49))+SUMPRODUCT((J$5:J49="")*($H$5:H49=H49)),"") | AC49: =IF(J49="",IF(AA49<=$J$73,1,0),J49) -> 1 | AD49: =IF(J49="",IF(AB49<=$J$73,1,0),J49) -> 1 | AE49: =IF(K49="",SUMPRODUCT(($K$5:$K$69="")*($H$5:$H$69<H49))+SUMPRODUCT((K$5:K49="")*($H$5:H49=H49)),"") | AF49: =IF(K49="",SUMPRODUCT(($K$5:$K$69="")*($H$5:$H$69>H49))+SUMPRODUCT((K$5:K49="")*($H$5:H49=H49)),"") | AG49: =IF(K49="",IF(AE49<=$K$73,1,0),K49) -> 1 | AH49: =IF(K49="",IF(AF49<=$K$73,1,0),K49) -> 1
A50: 05665 | B50: San Pedro de Urabá | C50: Urabá | D50: Sin provincia asignada | E50: Original | F50: 70535 | H50: =IF(G50="",F50,G50) -> 70535 | L50: Sin desagregar por municipio en el informe | M50: =Y50*Resumen!$C$6+AC50*Resumen!$C$7+AG50*Resumen!$C$9 -> 0.9 | N50: =Z50*Resumen!$C$6+AD50*Resumen!$C$7+AH50*Resumen!$C$9 -> 1 | O50: =H50*M50 -> 63481.5 | P50: =H50*N50 -> 70535 | U50: =H50*((Q50="Oficial")*Resumen!$C$6+(R50="Oficial")*Resumen!$C$7+(S50="Oficial")*Resumen!$C$9) -> 0 | V50: =IF(COUNTIF(I50:K50,1)>0,"Con entregas verificadas",IF(COUNTBLANK(I50:K50)>0,"Sin evidencia municipal","Sin entregas")) -> Sin evidencia municipal | W50: =IF(I50="",SUMPRODUCT(($I$5:$I$69="")*($H$5:$H$69<H50))+SUMPRODUCT((I$5:I50="")*($H$5:H50=H50)),"") -> 32 | X50: =IF(I50="",SUMPRODUCT(($I$5:$I$69="")*($H$5:$H$69>H50))+SUMPRODUCT((I$5:I50="")*($H$5:H50=H50)),"") -> 17 | Y50: =IF(I50="",IF(W50<=$I$73,1,0),I50) -> 1 | Z50: =IF(I50="",IF(X50<=$I$73,1,0),I50) -> 1 | AA50: =IF(J50="",SUMPRODUCT(($J$5:$J$69="")*($H$5:$H$69<H50))+SUMPRODUCT((J$5:J50="")*($H$5:H50=H50)),"") -> 32 | AB50: =IF(J50="",SUMPRODUCT(($J$5:$J$69="")*($H$5:$H$69>H50))+SUMPRODUCT((J$5:J50="")*($H$5:H50=H50)),"") -> 17 | AC50: =IF(J50="",IF(AA50<=$J$73,1,0),J50) -> 1 | AD50: =IF(J50="",IF(AB50<=$J$73,1,0),J50) -> 1 | AE50: =IF(K50="",SUMPRODUCT(($K$5:$K$69="")*($H$5:$H$69<H50))+SUMPRODUCT((K$5:K50="")*($H$5:H50=H50)),"") -> 24 | AF50: =IF(K50="",SUMPRODUCT(($K$5:$K$69="")*($H$5:$H$69>H50))+SUMPRODUCT((K$5:K50="")*($H$5:H50=H50)),"") -> 16 | AG50: =IF(K50="",IF(AE50<=$K$73,1,0),K50) -> 0 | AH50: =IF(K50="",IF(AF50<=$K$73,1,0),K50) -> 1
A51: 05664 | B51: San Pedro de los Milagros | C51: Norte | D51: Sin provincia asignada | E51: Original | F51: 23361 | H51: =IF(G51="",F51,G51) -> 23361 | L51: Sin desagregar por municipio en el informe | M51: =Y51*Resumen!$C$6+AC51*Resumen!$C$7+AG51*Resumen!$C$9 -> 1 | N51: =Z51*Resumen!$C$6+AD51*Resumen!$C$7+AH51*Resumen!$C$9 -> 0 | O51: =H51*M51 -> 23361 | P51: =H51*N51 -> 0 | U51: =H51*((Q51="Oficial")*Resumen!$C$6+(R51="Oficial")*Resumen!$C$7+(S51="Oficial")*Resumen!$C$9) -> 0 | V51: =IF(COUNTIF(I51:K51,1)>0,"Con entregas verificadas",IF(COUNTBLANK(I51:K51)>0,"Sin evidencia municipal","Sin entregas")) -> Sin evidencia municipal | W51: =IF(I51="",SUMPRODUCT(($I$5:$I$69="")*($H$5:$H$69<H51))+SUMPRODUCT((I$5:I51="")*($H$5:H51=H51)),"") -> 11 | X51: =IF(I51="",SUMPRODUCT(($I$5:$I$69="")*($H$5:$H$69>H51))+SUMPRODUCT((I$5:I51="")*($H$5:H51=H51)),"") -> 38 | Y51: =IF(I51="",IF(W51<=$I$73,1,0),I51) -> 1 | Z51: =IF(I51="",IF(X51<=$I$73,1,0),I51) -> 0 | AA51: =IF(J51="",SUMPRODUCT(($J$5:$J$69="")*($H$5:$H$69<H51))+SUMPRODUCT((J$5:J51="")*($H$5:H51=H51)),"") -> 11 | AB51: =IF(J51="",SUMPRODUCT(($J$5:$J$69="")*($H$5:$H$69>H51))+SUMPRODUCT((J$5:J51="")*($H$5:H51=H51)),"") -> 38 | AC51: =IF(J51="",IF(AA51<=$J$73,1,0),J51) -> 1 | AD51: =IF(J51="",IF(AB51<=$J$73,1,0),J51) -> 0 | AE51: =IF(K51="",SUMPRODUCT(($K$5:$K$69="")*($H$5:$H$69<H51))+SUMPRODUCT((K$5:K51="")*($H$5:H51=H51)),"") -> 6 | AF51: =IF(K51="",SUMPRODUCT(($K$5:$K$69="")*($H$5:$H$69>H51))+SUMPRODUCT((K$5:K51="")*($H$5:H51=H51)),"") -> 34 | AG51: =IF(K51="",IF(AE51<=$K$73,1,0),K51) -> 1 | AH51: =IF(K51="",IF(AF51<=$K$73,1,0),K51) -> 0
A52: 05670 | B52: San Roque | C52: Nordeste | D52: Sin provincia asignada | E52: Original | F52: 42700 | G52: 42700.2 | H52: =IF(G52="",F52,G52) -> 42700.2 | I52: 1 | L52: ORT entregado desde dic-24 | M52: =Y52*Resumen!$C$6+AC52*Resumen!$C$7+AG52*Resumen!$C$9 -> 1 | N52: =Z52*Resumen!$C$6+AD52*Resumen!$C$7+AH52*Resumen!$C$9 -> 0.9 | O52: =H52*M52 -> 42700.2 | P52: =H52*N52 -> 38430.18 | U52: =H52*((Q52="Oficial")*Resumen!$C$6+(R52="Oficial")*Resumen!$C$7+(S52="Oficial")*Resumen!$C$9) -> 0 | V52: =IF(COUNTIF(I52:K52,1)>0,"Con entregas verificadas",IF(COUNTBLANK(I52:K52)>0,"Sin evidencia municipal","Sin entregas")) -> Con entregas verificadas | W52: =IF(I52="",SUMPRODUCT(($I$5:$I$69="")*($H$5:$H$69<H52))+SUMPRODUCT((I$5:I52="")*($H$5:H52=H52)),"") | X52: =IF(I52="",SUMPRODUCT(($I$5:$I$69="")*($H$5:$H$69>H52))+SUMPRODUCT((I$5:I52="")*($H$5:H52=H52)),"") | Y52: =IF(I52="",IF(W52<=$I$73,1,0),I52) -> 1 | Z52: =IF(I52="",IF(X52<=$I$73,1,0),I52) -> 1 | AA52: =IF(J52="",SUMPRODUCT(($J$5:$J$69="")*($H$5:$H$69<H52))+SUMPRODUCT((J$5:J52="")*($H$5:H52=H52)),"") -> 26 | AB52: =IF(J52="",SUMPRODUCT(($J$5:$J$69="")*($H$5:$H$69>H52))+SUMPRODUCT((J$5:J52="")*($H$5:H52=H52)),"") -> 23 | AC52: =IF(J52="",IF(AA52<=$J$73,1,0),J52) -> 1 | AD52: =IF(J52="",IF(AB52<=$J$73,1,0),J52) -> 1 | AE52: =IF(K52="",SUMPRODUCT(($K$5:$K$69="")*($H$5:$H$69<H52))+SUMPRODUCT((K$5:K52="")*($H$5:H52=H52)),"") -> 16 | AF52: =IF(K52="",SUMPRODUCT(($K$5:$K$69="")*($H$5:$H$69>H52))+SUMPRODUCT((K$5:K52="")*($H$5:H52=H52)),"") -> 24 | AG52: =IF(K52="",IF(AE52<=$K$73,1,0),K52) -> 1 | AH52: =IF(K52="",IF(AF52<=$K$73,1,0),K52) -> 0
A53: 05686 | B53: Santa Rosa de Osos | C53: Norte | D53: Sin provincia asignada | E53: Original | F53: 86571 | H53: =IF(G53="",F53,G53) -> 86571 | L53: Sin desagregar por municipio en el informe | M53: =Y53*Resumen!$C$6+AC53*Resumen!$C$7+AG53*Resumen!$C$9 -> 0.45 | N53: =Z53*Resumen!$C$6+AD53*Resumen!$C$7+AH53*Resumen!$C$9 -> 1 | O53: =H53*M53 -> 38956.95 | P53: =H53*N53 -> 86571 | U53: =H53*((Q53="Oficial")*Resumen!$C$6+(R53="Oficial")*Resumen!$C$7+(S53="Oficial")*Resumen!$C$9) -> 0 | V53: =IF(COUNTIF(I53:K53,1)>0,"Con entregas verificadas",IF(COUNTBLANK(I53:K53)>0,"Sin evidencia municipal","Sin entregas")) -> Sin evidencia municipal | W53: =IF(I53="",SUMPRODUCT(($I$5:$I$69="")*($H$5:$H$69<H53))+SUMPRODUCT((I$5:I53="")*($H$5:H53=H53)),"") -> 35 | X53: =IF(I53="",SUMPRODUCT(($I$5:$I$69="")*($H$5:$H$69>H53))+SUMPRODUCT((I$5:I53="")*($H$5:H53=H53)),"") -> 14 | Y53: =IF(I53="",IF(W53<=$I$73,1,0),I53) -> 1 | Z53: =IF(I53="",IF(X53<=$I$73,1,0),I53) -> 1 | AA53: =IF(J53="",SUMPRODUCT(($J$5:$J$69="")*($H$5:$H$69<H53))+SUMPRODUCT((J$5:J53="")*($H$5:H53=H53)),"") -> 35 | AB53: =IF(J53="",SUMPRODUCT(($J$5:$J$69="")*($H$5:$H$69>H53))+SUMPRODUCT((J$5:J53="")*($H$5:H53=H53)),"") -> 14 | AC53: =IF(J53="",IF(AA53<=$J$73,1,0),J53) -> 0 | AD53: =IF(J53="",IF(AB53<=$J$73,1,0),J53) -> 1 | AE53: =IF(K53="",SUMPRODUCT(($K$5:$K$69="")*($H$5:$H$69<H53))+SUMPRODUCT((K$5:K53="")*($H$5:H53=H53)),"") -> 26 | AF53: =IF(K53="",SUMPRODUCT(($K$5:$K$69="")*($H$5:$H$69>H53))+SUMPRODUCT((K$5:K53="")*($H$5:H53=H53)),"") -> 14 | AG53: =IF(K53="",IF(AE53<=$K$73,1,0),K53) -> 0 | AH53: =IF(K53="",IF(AF53<=$K$73,1,0),K53) -> 1
A54: 05690 | B54: Santo Domingo | C54: Nordeste | D54: Sin provincia asignada | E54: Original | F54: 26674 | H54: =IF(G54="",F54,G54) -> 26674 | K54: 0 | L54: GDB atrasado (Fig.2 p.73) | M54: =Y54*Resumen!$C$6+AC54*Resumen!$C$7+AG54*Resumen!$C$9 -> 0.9 | N54: =Z54*Resumen!$C$6+AD54*Resumen!$C$7+AH54*Resumen!$C$9 -> 0.9 | O54: =H54*M54 -> 24006.6 | P54: =H54*N54 -> 24006.6 | U54: =H54*((Q54="Oficial")*Resumen!$C$6+(R54="Oficial")*Resumen!$C$7+(S54="Oficial")*Resumen!$C$9) -> 0 | V54: =IF(COUNTIF(I54:K54,1)>0,"Con entregas verificadas",IF(COUNTBLANK(I54:K54)>0,"Sin evidencia municipal","Sin entregas")) -> Sin evidencia municipal | W54: =IF(I54="",SUMPRODUCT(($I$5:$I$69="")*($H$5:$H$69<H54))+SUMPRODUCT((I$5:I54="")*($H$5:H54=H54)),"") -> 17 | X54: =IF(I54="",SUMPRODUCT(($I$5:$I$69="")*($H$5:$H$69>H54))+SUMPRODUCT((I$5:I54="")*($H$5:H54=H54)),"") -> 32 | Y54: =IF(I54="",IF(W54<=$I$73,1,0),I54) -> 1 | Z54: =IF(I54="",IF(X54<=$I$73,1,0),I54) -> 1 | AA54: =IF(J54="",SUMPRODUCT(($J$5:$J$69="")*($H$5:$H$69<H54))+SUMPRODUCT((J$5:J54="")*($H$5:H54=H54)),"") -> 17 | AB54: =IF(J54="",SUMPRODUCT(($J$5:$J$69="")*($H$5:$H$69>H54))+SUMPRODUCT((J$5:J54="")*($H$5:H54=H54)),"") -> 32 | AC54: =IF(J54="",IF(AA54<=$J$73,1,0),J54) -> 1 | AD54: =IF(J54="",IF(AB54<=$J$73,1,0),J54) -> 1 | AE54: =IF(K54="",SUMPRODUCT(($K$5:$K$69="")*($H$5:$H$69<H54))+SUMPRODUCT((K$5:K54="")*($H$5:H54=H54)),"") | AF54: =IF(K54="",SUMPRODUCT(($K$5:$K$69="")*($H$5:$H$69>H54))+SUMPRODUCT((K$5:K54="")*($H$5:H54=H54)),"") | AG54: =IF(K54="",IF(AE54<=$K$73,1,0),K54) -> 0 | AH54: =IF(K54="",IF(AF54<=$K$73,1,0),K54) -> 0
A55: 05790 | B55: Tarazá | C55: Bajo Cauca | D55: Sin provincia asignada | E55: Original | F55: 115340 | H55: =IF(G55="",F55,G55) -> 115340 | L55: Sin desagregar por municipio en el informe | M55: =Y55*Resumen!$C$6+AC55*Resumen!$C$7+AG55*Resumen!$C$9 -> 0 | N55: =Z55*Resumen!$C$6+AD55*Resumen!$C$7+AH55*Resumen!$C$9 -> 1 | O55: =H55*M55 -> 0 | P55: =H55*N55 -> 115340 | U55: =H55*((Q55="Oficial")*Resumen!$C$6+(R55="Oficial")*Resumen!$C$7+(S55="Oficial")*Resumen!$C$9) -> 0 | V55: =IF(COUNTIF(I55:K55,1)>0,"Con entregas verificadas",IF(COUNTBLANK(I55:K55)>0,"Sin evidencia municipal","Sin entregas")) -> Sin evidencia municipal | W55: =IF(I55="",SUMPRODUCT(($I$5:$I$69="")*($H$5:$H$69<H55))+SUMPRODUCT((I$5:I55="")*($H$5:H55=H55)),"") -> 38 | X55: =IF(I55="",SUMPRODUCT(($I$5:$I$69="")*($H$5:$H$69>H55))+SUMPRODUCT((I$5:I55="")*($H$5:H55=H55)),"") -> 11 | Y55: =IF(I55="",IF(W55<=$I$73,1,0),I55) -> 0 | Z55: =IF(I55="",IF(X55<=$I$73,1,0),I55) -> 1 | AA55: =IF(J55="",SUMPRODUCT(($J$5:$J$69="")*($H$5:$H$69<H55))+SUMPRODUCT((J$5:J55="")*($H$5:H55=H55)),"") -> 38 | AB55: =IF(J55="",SUMPRODUCT(($J$5:$J$69="")*($H$5:$H$69>H55))+SUMPRODUCT((J$5:J55="")*($H$5:H55=H55)),"") -> 11 | AC55: =IF(J55="",IF(AA55<=$J$73,1,0),J55) -> 0 | AD55: =IF(J55="",IF(AB55<=$J$73,1,0),J55) -> 1 | AE55: =IF(K55="",SUMPRODUCT(($K$5:$K$69="")*($H$5:$H$69<H55))+SUMPRODUCT((K$5:K55="")*($H$5:H55=H55)),"") -> 28 | AF55: =IF(K55="",SUMPRODUCT(($K$5:$K$69="")*($H$5:$H$69>H55))+SUMPRODUCT((K$5:K55="")*($H$5:H55=H55)),"") -> 12 | AG55: =IF(K55="",IF(AE55<=$K$73,1,0),K55) -> 0 | AH55: =IF(K55="",IF(AF55<=$K$73,1,0),K55) -> 1
A56: 05819 | B56: Toledo | C56: Norte | D56: Sin provincia asignada | E56: Original | F56: 13442 | H56: =IF(G56="",F56,G56) -> 13442 | K56: 0 | L56: GDB atrasado (Fig.2 p.73) | M56: =Y56*Resumen!$C$6+AC56*Resumen!$C$7+AG56*Resumen!$C$9 -> 0.9 | N56: =Z56*Resumen!$C$6+AD56*Resumen!$C$7+AH56*Resumen!$C$9 -> 0 | O56: =H56*M56 -> 12097.8 | P56: =H56*N56 -> 0 | U56: =H56*((Q56="Oficial")*Resumen!$C$6+(R56="Oficial")*Resumen!$C$7+(S56="Oficial")*Resumen!$C$9) -> 0 | V56: =IF(COUNTIF(I56:K56,1)>0,"Con entregas verificadas",IF(COUNTBLANK(I56:K56)>0,"Sin evidencia municipal","Sin entregas")) -> Sin evidencia municipal | W56: =IF(I56="",SUMPRODUCT(($I$5:$I$69="")*($H$5:$H$69<H56))+SUMPRODUCT((I$5:I56="")*($H$5:H56=H56)),"") -> 5 | X56: =IF(I56="",SUMPRODUCT(($I$5:$I$69="")*($H$5:$H$69>H56))+SUMPRODUCT((I$5:I56="")*($H$5:H56=H56)),"") -> 44 | Y56: =IF(I56="",IF(W56<=$I$73,1,0),I56) -> 1 | Z56: =IF(I56="",IF(X56<=$I$73,1,0),I56) -> 0 | AA56: =IF(J56="",SUMPRODUCT(($J$5:$J$69="")*($H$5:$H$69<H56))+SUMPRODUCT((J$5:J56="")*($H$5:H56=H56)),"") -> 5 | AB56: =IF(J56="",SUMPRODUCT(($J$5:$J$69="")*($H$5:$H$69>H56))+SUMPRODUCT((J$5:J56="")*($H$5:H56=H56)),"") -> 44 | AC56: =IF(J56="",IF(AA56<=$J$73,1,0),J56) -> 1 | AD56: =IF(J56="",IF(AB56<=$J$73,1,0),J56) -> 0 | AE56: =IF(K56="",SUMPRODUCT(($K$5:$K$69="")*($H$5:$H$69<H56))+SUMPRODUCT((K$5:K56="")*($H$5:H56=H56)),"") | AF56: =IF(K56="",SUMPRODUCT(($K$5:$K$69="")*($H$5:$H$69>H56))+SUMPRODUCT((K$5:K56="")*($H$5:H56=H56)),"") | AG56: =IF(K56="",IF(AE56<=$K$73,1,0),K56) -> 0 | AH56: =IF(K56="",IF(AF56<=$K$73,1,0),K56) -> 0
A57: 05837 | B57: Turbo | C57: Urabá | D57: Sin provincia asignada | E57: Original | F57: 294751 | H57: =IF(G57="",F57,G57) -> 294751 | L57: Sin desagregar por municipio en el informe | M57: =Y57*Resumen!$C$6+AC57*Resumen!$C$7+AG57*Resumen!$C$9 -> 0 | N57: =Z57*Resumen!$C$6+AD57*Resumen!$C$7+AH57*Resumen!$C$9 -> 1 | O57: =H57*M57 -> 0 | P57: =H57*N57 -> 294751 | U57: =H57*((Q57="Oficial")*Resumen!$C$6+(R57="Oficial")*Resumen!$C$7+(S57="Oficial")*Resumen!$C$9) -> 0 | V57: =IF(COUNTIF(I57:K57,1)>0,"Con entregas verificadas",IF(COUNTBLANK(I57:K57)>0,"Sin evidencia municipal","Sin entregas")) -> Sin evidencia municipal | W57: =IF(I57="",SUMPRODUCT(($I$5:$I$69="")*($H$5:$H$69<H57))+SUMPRODUCT((I$5:I57="")*($H$5:H57=H57)),"") -> 48 | X57: =IF(I57="",SUMPRODUCT(($I$5:$I$69="")*($H$5:$H$69>H57))+SUMPRODUCT((I$5:I57="")*($H$5:H57=H57)),"") -> 1 | Y57: =IF(I57="",IF(W57<=$I$73,1,0),I57) -> 0 | Z57: =IF(I57="",IF(X57<=$I$73,1,0),I57) -> 1 | AA57: =IF(J57="",SUMPRODUCT(($J$5:$J$69="")*($H$5:$H$69<H57))+SUMPRODUCT((J$5:J57="")*($H$5:H57=H57)),"") -> 48 | AB57: =IF(J57="",SUMPRODUCT(($J$5:$J$69="")*($H$5:$H$69>H57))+SUMPRODUCT((J$5:J57="")*($H$5:H57=H57)),"") -> 1 | AC57: =IF(J57="",IF(AA57<=$J$73,1,0),J57) -> 0 | AD57: =IF(J57="",IF(AB57<=$J$73,1,0),J57) -> 1 | AE57: =IF(K57="",SUMPRODUCT(($K$5:$K$69="")*($H$5:$H$69<H57))+SUMPRODUCT((K$5:K57="")*($H$5:H57=H57)),"") -> 39 | AF57: =IF(K57="",SUMPRODUCT(($K$5:$K$69="")*($H$5:$H$69>H57))+SUMPRODUCT((K$5:K57="")*($H$5:H57=H57)),"") -> 1 | AG57: =IF(K57="",IF(AE57<=$K$73,1,0),K57) -> 0 | AH57: =IF(K57="",IF(AF57<=$K$73,1,0),K57) -> 1
A58: 05842 | B58: Uramita | C58: Occidente | D58: Sin provincia asignada | E58: Original | F58: 26594 | H58: =IF(G58="",F58,G58) -> 26594 | K58: 0 | L58: GDB atrasado (Fig.2 p.73) | M58: =Y58*Resumen!$C$6+AC58*Resumen!$C$7+AG58*Resumen!$C$9 -> 0.9 | N58: =Z58*Resumen!$C$6+AD58*Resumen!$C$7+AH58*Resumen!$C$9 -> 0.9 | O58: =H58*M58 -> 23934.6 | P58: =H58*N58 -> 23934.6 | U58: =H58*((Q58="Oficial")*Resumen!$C$6+(R58="Oficial")*Resumen!$C$7+(S58="Oficial")*Resumen!$C$9) -> 0 | V58: =IF(COUNTIF(I58:K58,1)>0,"Con entregas verificadas",IF(COUNTBLANK(I58:K58)>0,"Sin evidencia municipal","Sin entregas")) -> Sin evidencia municipal | W58: =IF(I58="",SUMPRODUCT(($I$5:$I$69="")*($H$5:$H$69<H58))+SUMPRODUCT((I$5:I58="")*($H$5:H58=H58)),"") -> 16 | X58: =IF(I58="",SUMPRODUCT(($I$5:$I$69="")*($H$5:$H$69>H58))+SUMPRODUCT((I$5:I58="")*($H$5:H58=H58)),"") -> 33 | Y58: =IF(I58="",IF(W58<=$I$73,1,0),I58) -> 1 | Z58: =IF(I58="",IF(X58<=$I$73,1,0),I58) -> 1 | AA58: =IF(J58="",SUMPRODUCT(($J$5:$J$69="")*($H$5:$H$69<H58))+SUMPRODUCT((J$5:J58="")*($H$5:H58=H58)),"") -> 16 | AB58: =IF(J58="",SUMPRODUCT(($J$5:$J$69="")*($H$5:$H$69>H58))+SUMPRODUCT((J$5:J58="")*($H$5:H58=H58)),"") -> 33 | AC58: =IF(J58="",IF(AA58<=$J$73,1,0),J58) -> 1 | AD58: =IF(J58="",IF(AB58<=$J$73,1,0),J58) -> 1 | AE58: =IF(K58="",SUMPRODUCT(($K$5:$K$69="")*($H$5:$H$69<H58))+SUMPRODUCT((K$5:K58="")*($H$5:H58=H58)),"") | AF58: =IF(K58="",SUMPRODUCT(($K$5:$K$69="")*($H$5:$H$69>H58))+SUMPRODUCT((K$5:K58="")*($H$5:H58=H58)),"") | AG58: =IF(K58="",IF(AE58<=$K$73,1,0),K58) -> 0 | AH58: =IF(K58="",IF(AF58<=$K$73,1,0),K58) -> 0
A59: 05854 | B59: Valdivia | C59: Norte | D59: Sin provincia asignada | E59: Original | F59: 56748 | H59: =IF(G59="",F59,G59) -> 56748 | L59: Sin desagregar por municipio en el informe | M59: =Y59*Resumen!$C$6+AC59*Resumen!$C$7+AG59*Resumen!$C$9 -> 0.9 | N59: =Z59*Resumen!$C$6+AD59*Resumen!$C$7+AH59*Resumen!$C$9 -> 0.9 | O59: =H59*M59 -> 51073.2 | P59: =H59*N59 -> 51073.2 | U59: =H59*((Q59="Oficial")*Resumen!$C$6+(R59="Oficial")*Resumen!$C$7+(S59="Oficial")*Resumen!$C$9) -> 0 | V59: =IF(COUNTIF(I59:K59,1)>0,"Con entregas verificadas",IF(COUNTBLANK(I59:K59)>0,"Sin evidencia municipal","Sin entregas")) -> Sin evidencia municipal | W59: =IF(I59="",SUMPRODUCT(($I$5:$I$69="")*($H$5:$H$69<H59))+SUMPRODUCT((I$5:I59="")*($H$5:H59=H59)),"") -> 31 | X59: =IF(I59="",SUMPRODUCT(($I$5:$I$69="")*($H$5:$H$69>H59))+SUMPRODUCT((I$5:I59="")*($H$5:H59=H59)),"") -> 18 | Y59: =IF(I59="",IF(W59<=$I$73,1,0),I59) -> 1 | Z59: =IF(I59="",IF(X59<=$I$73,1,0),I59) -> 1 | AA59: =IF(J59="",SUMPRODUCT(($J$5:$J$69="")*($H$5:$H$69<H59))+SUMPRODUCT((J$5:J59="")*($H$5:H59=H59)),"") -> 31 | AB59: =IF(J59="",SUMPRODUCT(($J$5:$J$69="")*($H$5:$H$69>H59))+SUMPRODUCT((J$5:J59="")*($H$5:H59=H59)),"") -> 18 | AC59: =IF(J59="",IF(AA59<=$J$73,1,0),J59) -> 1 | AD59: =IF(J59="",IF(AB59<=$J$73,1,0),J59) -> 1 | AE59: =IF(K59="",SUMPRODUCT(($K$5:$K$69="")*($H$5:$H$69<H59))+SUMPRODUCT((K$5:K59="")*($H$5:H59=H59)),"") -> 22 | AF59: =IF(K59="",SUMPRODUCT(($K$5:$K$69="")*($H$5:$H$69>H59))+SUMPRODUCT((K$5:K59="")*($H$5:H59=H59)),"") -> 18 | AG59: =IF(K59="",IF(AE59<=$K$73,1,0),K59) -> 0 | AH59: =IF(K59="",IF(AF59<=$K$73,1,0),K59) -> 0
A60: 05887 | B60: Yarumal | C60: Norte | D60: Sin provincia asignada | E60: Original | F60: 71233 | H60: =IF(G60="",F60,G60) -> 71233 | K60: 0 | L60: GDB atrasado (Fig.2 p.73) | M60: =Y60*Resumen!$C$6+AC60*Resumen!$C$7+AG60*Resumen!$C$9 -> 0.9 | N60: =Z60*Resumen!$C$6+AD60*Resumen!$C$7+AH60*Resumen!$C$9 -> 0.9 | O60: =H60*M60 -> 64109.7 | P60: =H60*N60 -> 64109.7 | U60: =H60*((Q60="Oficial")*Resumen!$C$6+(R60="Oficial")*Resumen!$C$7+(S60="Oficial")*Resumen!$C$9) -> 0 | V60: =IF(COUNTIF(I60:K60,1)>0,"Con entregas verificadas",IF(COUNTBLANK(I60:K60)>0,"Sin evidencia municipal","Sin entregas")) -> Sin evidencia municipal | W60: =IF(I60="",SUMPRODUCT(($I$5:$I$69="")*($H$5:$H$69<H60))+SUMPRODUCT((I$5:I60="")*($H$5:H60=H60)),"") -> 33 | X60: =IF(I60="",SUMPRODUCT(($I$5:$I$69="")*($H$5:$H$69>H60))+SUMPRODUCT((I$5:I60="")*($H$5:H60=H60)),"") -> 16 | Y60: =IF(I60="",IF(W60<=$I$73,1,0),I60) -> 1 | Z60: =IF(I60="",IF(X60<=$I$73,1,0),I60) -> 1 | AA60: =IF(J60="",SUMPRODUCT(($J$5:$J$69="")*($H$5:$H$69<H60))+SUMPRODUCT((J$5:J60="")*($H$5:H60=H60)),"") -> 33 | AB60: =IF(J60="",SUMPRODUCT(($J$5:$J$69="")*($H$5:$H$69>H60))+SUMPRODUCT((J$5:J60="")*($H$5:H60=H60)),"") -> 16 | AC60: =IF(J60="",IF(AA60<=$J$73,1,0),J60) -> 1 | AD60: =IF(J60="",IF(AB60<=$J$73,1,0),J60) -> 1 | AE60: =IF(K60="",SUMPRODUCT(($K$5:$K$69="")*($H$5:$H$69<H60))+SUMPRODUCT((K$5:K60="")*($H$5:H60=H60)),"") | AF60: =IF(K60="",SUMPRODUCT(($K$5:$K$69="")*($H$5:$H$69>H60))+SUMPRODUCT((K$5:K60="")*($H$5:H60=H60)),"") | AG60: =IF(K60="",IF(AE60<=$K$73,1,0),K60) -> 0 | AH60: =IF(K60="",IF(AF60<=$K$73,1,0),K60) -> 0
A61: 05893 | B61: Yondó | C61: Magdalena Medio | D61: Sin provincia asignada | E61: Original | F61: 192222 | H61: =IF(G61="",F61,G61) -> 192222 | K61: 0 | L61: GDB atrasado (Fig.2 p.73) | M61: =Y61*Resumen!$C$6+AC61*Resumen!$C$7+AG61*Resumen!$C$9 -> 0 | N61: =Z61*Resumen!$C$6+AD61*Resumen!$C$7+AH61*Resumen!$C$9 -> 0.9 | O61: =H61*M61 -> 0 | P61: =H61*N61 -> 172999.8 | U61: =H61*((Q61="Oficial")*Resumen!$C$6+(R61="Oficial")*Resumen!$C$7+(S61="Oficial")*Resumen!$C$9) -> 0 | V61: =IF(COUNTIF(I61:K61,1)>0,"Con entregas verificadas",IF(COUNTBLANK(I61:K61)>0,"Sin evidencia municipal","Sin entregas")) -> Sin evidencia municipal | W61: =IF(I61="",SUMPRODUCT(($I$5:$I$69="")*($H$5:$H$69<H61))+SUMPRODUCT((I$5:I61="")*($H$5:H61=H61)),"") -> 45 | X61: =IF(I61="",SUMPRODUCT(($I$5:$I$69="")*($H$5:$H$69>H61))+SUMPRODUCT((I$5:I61="")*($H$5:H61=H61)),"") -> 4 | Y61: =IF(I61="",IF(W61<=$I$73,1,0),I61) -> 0 | Z61: =IF(I61="",IF(X61<=$I$73,1,0),I61) -> 1 | AA61: =IF(J61="",SUMPRODUCT(($J$5:$J$69="")*($H$5:$H$69<H61))+SUMPRODUCT((J$5:J61="")*($H$5:H61=H61)),"") -> 45 | AB61: =IF(J61="",SUMPRODUCT(($J$5:$J$69="")*($H$5:$H$69>H61))+SUMPRODUCT((J$5:J61="")*($H$5:H61=H61)),"") -> 4 | AC61: =IF(J61="",IF(AA61<=$J$73,1,0),J61) -> 0 | AD61: =IF(J61="",IF(AB61<=$J$73,1,0),J61) -> 1 | AE61: =IF(K61="",SUMPRODUCT(($K$5:$K$69="")*($H$5:$H$69<H61))+SUMPRODUCT((K$5:K61="")*($H$5:H61=H61)),"") | AF61: =IF(K61="",SUMPRODUCT(($K$5:$K$69="")*($H$5:$H$69>H61))+SUMPRODUCT((K$5:K61="")*($H$5:H61=H61)),"") | AG61: =IF(K61="",IF(AE61<=$K$73,1,0),K61) -> 0 | AH61: =IF(K61="",IF(AF61<=$K$73,1,0),K61) -> 0
A62: 05038 | B62: Angostura | C62: Norte | D62: Sin provincia asignada | E62: Fase II | F62: 33835.45 | H62: =IF(G62="",F62,G62) -> 33835.45 | L62: Sin desagregar por municipio en el informe | M62: =Y62*Resumen!$C$6+AC62*Resumen!$C$7+AG62*Resumen!$C$9 -> 1 | N62: =Z62*Resumen!$C$6+AD62*Resumen!$C$7+AH62*Resumen!$C$9 -> 0.9 | O62: =H62*M62 -> 33835.45 | P62: =H62*N62 -> 30451.905 | U62: =H62*((Q62="Oficial")*Resumen!$C$6+(R62="Oficial")*Resumen!$C$7+(S62="Oficial")*Resumen!$C$9) -> 0 | V62: =IF(COUNTIF(I62:K62,1)>0,"Con entregas verificadas",IF(COUNTBLANK(I62:K62)>0,"Sin evidencia municipal","Sin entregas")) -> Sin evidencia municipal | W62: =IF(I62="",SUMPRODUCT(($I$5:$I$69="")*($H$5:$H$69<H62))+SUMPRODUCT((I$5:I62="")*($H$5:H62=H62)),"") -> 22 | X62: =IF(I62="",SUMPRODUCT(($I$5:$I$69="")*($H$5:$H$69>H62))+SUMPRODUCT((I$5:I62="")*($H$5:H62=H62)),"") -> 27 | Y62: =IF(I62="",IF(W62<=$I$73,1,0),I62) -> 1 | Z62: =IF(I62="",IF(X62<=$I$73,1,0),I62) -> 1 | AA62: =IF(J62="",SUMPRODUCT(($J$5:$J$69="")*($H$5:$H$69<H62))+SUMPRODUCT((J$5:J62="")*($H$5:H62=H62)),"") -> 22 | AB62: =IF(J62="",SUMPRODUCT(($J$5:$J$69="")*($H$5:$H$69>H62))+SUMPRODUCT((J$5:J62="")*($H$5:H62=H62)),"") -> 27 | AC62: =IF(J62="",IF(AA62<=$J$73,1,0),J62) -> 1 | AD62: =IF(J62="",IF(AB62<=$J$73,1,0),J62) -> 1 | AE62: =IF(K62="",SUMPRODUCT(($K$5:$K$69="")*($H$5:$H$69<H62))+SUMPRODUCT((K$5:K62="")*($H$5:H62=H62)),"") -> 12 | AF62: =IF(K62="",SUMPRODUCT(($K$5:$K$69="")*($H$5:$H$69>H62))+SUMPRODUCT((K$5:K62="")*($H$5:H62=H62)),"") -> 28 | AG62: =IF(K62="",IF(AE62<=$K$73,1,0),K62) -> 1 | AH62: =IF(K62="",IF(AF62<=$K$73,1,0),K62) -> 0
A63: 05040 | B63: Anorí | C63: Nordeste | D63: No indicada en informes | E63: Fase II | F63: 141295.74 | H63: =IF(G63="",F63,G63) -> 141295.74 | L63: Sin desagregar por municipio en el informe | M63: =Y63*Resumen!$C$6+AC63*Resumen!$C$7+AG63*Resumen!$C$9 -> 0 | N63: =Z63*Resumen!$C$6+AD63*Resumen!$C$7+AH63*Resumen!$C$9 -> 1 | O63: =H63*M63 -> 0 | P63: =H63*N63 -> 141295.74 | U63: =H63*((Q63="Oficial")*Resumen!$C$6+(R63="Oficial")*Resumen!$C$7+(S63="Oficial")*Resumen!$C$9) -> 0 | V63: =IF(COUNTIF(I63:K63,1)>0,"Con entregas verificadas",IF(COUNTBLANK(I63:K63)>0,"Sin evidencia municipal","Sin entregas")) -> Sin evidencia municipal | W63: =IF(I63="",SUMPRODUCT(($I$5:$I$69="")*($H$5:$H$69<H63))+SUMPRODUCT((I$5:I63="")*($H$5:H63=H63)),"") -> 41 | X63: =IF(I63="",SUMPRODUCT(($I$5:$I$69="")*($H$5:$H$69>H63))+SUMPRODUCT((I$5:I63="")*($H$5:H63=H63)),"") -> 8 | Y63: =IF(I63="",IF(W63<=$I$73,1,0),I63) -> 0 | Z63: =IF(I63="",IF(X63<=$I$73,1,0),I63) -> 1 | AA63: =IF(J63="",SUMPRODUCT(($J$5:$J$69="")*($H$5:$H$69<H63))+SUMPRODUCT((J$5:J63="")*($H$5:H63=H63)),"") -> 41 | AB63: =IF(J63="",SUMPRODUCT(($J$5:$J$69="")*($H$5:$H$69>H63))+SUMPRODUCT((J$5:J63="")*($H$5:H63=H63)),"") -> 8 | AC63: =IF(J63="",IF(AA63<=$J$73,1,0),J63) -> 0 | AD63: =IF(J63="",IF(AB63<=$J$73,1,0),J63) -> 1 | AE63: =IF(K63="",SUMPRODUCT(($K$5:$K$69="")*($H$5:$H$69<H63))+SUMPRODUCT((K$5:K63="")*($H$5:H63=H63)),"") -> 32 | AF63: =IF(K63="",SUMPRODUCT(($K$5:$K$69="")*($H$5:$H$69>H63))+SUMPRODUCT((K$5:K63="")*($H$5:H63=H63)),"") -> 8 | AG63: =IF(K63="",IF(AE63<=$K$73,1,0),K63) -> 0 | AH63: =IF(K63="",IF(AF63<=$K$73,1,0),K63) -> 1
A64: 05120 | B64: Cáceres | C64: Bajo Cauca | D64: Sin provincia asignada | E64: Fase II | F64: 187269.68 | H64: =IF(G64="",F64,G64) -> 187269.68 | I64: 0 | J64: 0 | L64: ORT atrasado (Fig.2 p.73); MDT atrasado (Fig.2 p.73) | M64: =Y64*Resumen!$C$6+AC64*Resumen!$C$7+AG64*Resumen!$C$9 -> 0 | N64: =Z64*Resumen!$C$6+AD64*Resumen!$C$7+AH64*Resumen!$C$9 -> 0.1 | O64: =H64*M64 -> 0 | P64: =H64*N64 -> 18726.968 | U64: =H64*((Q64="Oficial")*Resumen!$C$6+(R64="Oficial")*Resumen!$C$7+(S64="Oficial")*Resumen!$C$9) -> 0 | V64: =IF(COUNTIF(I64:K64,1)>0,"Con entregas verificadas",IF(COUNTBLANK(I64:K64)>0,"Sin evidencia municipal","Sin entregas")) -> Sin evidencia municipal | W64: =IF(I64="",SUMPRODUCT(($I$5:$I$69="")*($H$5:$H$69<H64))+SUMPRODUCT((I$5:I64="")*($H$5:H64=H64)),"") | X64: =IF(I64="",SUMPRODUCT(($I$5:$I$69="")*($H$5:$H$69>H64))+SUMPRODUCT((I$5:I64="")*($H$5:H64=H64)),"") | Y64: =IF(I64="",IF(W64<=$I$73,1,0),I64) -> 0 | Z64: =IF(I64="",IF(X64<=$I$73,1,0),I64) -> 0 | AA64: =IF(J64="",SUMPRODUCT(($J$5:$J$69="")*($H$5:$H$69<H64))+SUMPRODUCT((J$5:J64="")*($H$5:H64=H64)),"") | AB64: =IF(J64="",SUMPRODUCT(($J$5:$J$69="")*($H$5:$H$69>H64))+SUMPRODUCT((J$5:J64="")*($H$5:H64=H64)),"") | AC64: =IF(J64="",IF(AA64<=$J$73,1,0),J64) -> 0 | AD64: =IF(J64="",IF(AB64<=$J$73,1,0),J64) -> 0 | AE64: =IF(K64="",SUMPRODUCT(($K$5:$K$69="")*($H$5:$H$69<H64))+SUMPRODUCT((K$5:K64="")*($H$5:H64=H64)),"") -> 37 | AF64: =IF(K64="",SUMPRODUCT(($K$5:$K$69="")*($H$5:$H$69>H64))+SUMPRODUCT((K$5:K64="")*($H$5:H64=H64)),"") -> 3 | AG64: =IF(K64="",IF(AE64<=$K$73,1,0),K64) -> 0 | AH64: =IF(K64="",IF(AF64<=$K$73,1,0),K64) -> 1
A65: 05361 | B65: Ituango | C65: Norte | D65: No indicada en informes | E65: Fase II | F65: 150377.84 | H65: =IF(G65="",F65,G65) -> 150377.84 | I65: 0 | J65: 0 | L65: ORT atrasado (Fig.2 p.73); MDT atrasado (Fig.2 p.73) | M65: =Y65*Resumen!$C$6+AC65*Resumen!$C$7+AG65*Resumen!$C$9 -> 0 | N65: =Z65*Resumen!$C$6+AD65*Resumen!$C$7+AH65*Resumen!$C$9 -> 0.1 | O65: =H65*M65 -> 0 | P65: =H65*N65 -> 15037.784 | U65: =H65*((Q65="Oficial")*Resumen!$C$6+(R65="Oficial")*Resumen!$C$7+(S65="Oficial")*Resumen!$C$9) -> 0 | V65: =IF(COUNTIF(I65:K65,1)>0,"Con entregas verificadas",IF(COUNTBLANK(I65:K65)>0,"Sin evidencia municipal","Sin entregas")) -> Sin evidencia municipal | W65: =IF(I65="",SUMPRODUCT(($I$5:$I$69="")*($H$5:$H$69<H65))+SUMPRODUCT((I$5:I65="")*($H$5:H65=H65)),"") | X65: =IF(I65="",SUMPRODUCT(($I$5:$I$69="")*($H$5:$H$69>H65))+SUMPRODUCT((I$5:I65="")*($H$5:H65=H65)),"") | Y65: =IF(I65="",IF(W65<=$I$73,1,0),I65) -> 0 | Z65: =IF(I65="",IF(X65<=$I$73,1,0),I65) -> 0 | AA65: =IF(J65="",SUMPRODUCT(($J$5:$J$69="")*($H$5:$H$69<H65))+SUMPRODUCT((J$5:J65="")*($H$5:H65=H65)),"") | AB65: =IF(J65="",SUMPRODUCT(($J$5:$J$69="")*($H$5:$H$69>H65))+SUMPRODUCT((J$5:J65="")*($H$5:H65=H65)),"") | AC65: =IF(J65="",IF(AA65<=$J$73,1,0),J65) -> 0 | AD65: =IF(J65="",IF(AB65<=$J$73,1,0),J65) -> 0 | AE65: =IF(K65="",SUMPRODUCT(($K$5:$K$69="")*($H$5:$H$69<H65))+SUMPRODUCT((K$5:K65="")*($H$5:H65=H65)),"") -> 34 | AF65: =IF(K65="",SUMPRODUCT(($K$5:$K$69="")*($H$5:$H$69>H65))+SUMPRODUCT((K$5:K65="")*($H$5:H65=H65)),"") -> 6 | AG65: =IF(K65="",IF(AE65<=$K$73,1,0),K65) -> 0 | AH65: =IF(K65="",IF(AF65<=$K$73,1,0),K65) -> 1
A66: 05475 | B66: Murindó | C66: Urabá | D66: No indicada en informes | E66: Fase II | F66: 126683.99 | H66: =IF(G66="",F66,G66) -> 126683.99 | L66: Sin desagregar por municipio en el informe | M66: =Y66*Resumen!$C$6+AC66*Resumen!$C$7+AG66*Resumen!$C$9 -> 0 | N66: =Z66*Resumen!$C$6+AD66*Resumen!$C$7+AH66*Resumen!$C$9 -> 1 | O66: =H66*M66 -> 0 | P66: =H66*N66 -> 126683.99 | U66: =H66*((Q66="Oficial")*Resumen!$C$6+(R66="Oficial")*Resumen!$C$7+(S66="Oficial")*Resumen!$C$9) -> 0 | V66: =IF(COUNTIF(I66:K66,1)>0,"Con entregas verificadas",IF(COUNTBLANK(I66:K66)>0,"Sin evidencia municipal","Sin entregas")) -> Sin evidencia municipal | W66: =IF(I66="",SUMPRODUCT(($I$5:$I$69="")*($H$5:$H$69<H66))+SUMPRODUCT((I$5:I66="")*($H$5:H66=H66)),"") -> 39 | X66: =IF(I66="",SUMPRODUCT(($I$5:$I$69="")*($H$5:$H$69>H66))+SUMPRODUCT((I$5:I66="")*($H$5:H66=H66)),"") -> 10 | Y66: =IF(I66="",IF(W66<=$I$73,1,0),I66) -> 0 | Z66: =IF(I66="",IF(X66<=$I$73,1,0),I66) -> 1 | AA66: =IF(J66="",SUMPRODUCT(($J$5:$J$69="")*($H$5:$H$69<H66))+SUMPRODUCT((J$5:J66="")*($H$5:H66=H66)),"") -> 39 | AB66: =IF(J66="",SUMPRODUCT(($J$5:$J$69="")*($H$5:$H$69>H66))+SUMPRODUCT((J$5:J66="")*($H$5:H66=H66)),"") -> 10 | AC66: =IF(J66="",IF(AA66<=$J$73,1,0),J66) -> 0 | AD66: =IF(J66="",IF(AB66<=$J$73,1,0),J66) -> 1 | AE66: =IF(K66="",SUMPRODUCT(($K$5:$K$69="")*($H$5:$H$69<H66))+SUMPRODUCT((K$5:K66="")*($H$5:H66=H66)),"") -> 30 | AF66: =IF(K66="",SUMPRODUCT(($K$5:$K$69="")*($H$5:$H$69>H66))+SUMPRODUCT((K$5:K66="")*($H$5:H66=H66)),"") -> 10 | AG66: =IF(K66="",IF(AE66<=$K$73,1,0),K66) -> 0 | AH66: =IF(K66="",IF(AF66<=$K$73,1,0),K66) -> 1
